"行","EPSGコード","経度","緯度","拠点番号","拠点名","町名","目　標","開設状況","開設時間","種類"
"1","EPSG:4612","139.70243","35.53017208333333","川崎 14","川崎市役所","川崎市川崎区東田町5-4","川崎市役所南庁舎前","× 非開設","-","管路上"
"2","EPSG:4612","139.67313069444444","35.54084780555556","幸 30","新小倉小学校","川崎市幸区新小倉2-15","市立新小倉小学校内","常時使用可（避難所開設中に限る）","-","既設給水栓利用型"
"3","EPSG:4612","139.62271711111111","35.59600372222222","高津 36","坂戸小学校","川崎市高津区坂戸1-18-1","市立坂戸小学校内","常時使用可（避難所開設中に限る）","-","既設給水栓利用型"
"4","EPSG:4612","139.5894991388889","35.59740019444445","高津 27","南原小学校","川崎市高津区上作延3-9-1","市立南原小学校内","常時使用可（避難所開設中に限る）","-","既設給水栓利用型"
"5","EPSG:4612","139.49974944444443","35.58701325","麻生 23","柿生中学校","川崎市麻生区上麻生6-40-1","市立柿生中学校内","常時使用可（避難所開設中に限る）","-","既設給水栓利用型"
"6","EPSG:4612","139.67875908333335","35.54853469444444","幸 22","塚越中学校","川崎市幸区塚越1-60","市立塚越中学校内","常時使用可（避難所開設中に限る）","-","既設給水栓利用型"
"7","EPSG:4612","139.69373266666668","35.53816480555555","幸 19","幸町小学校","川崎市幸区中幸町2-17","市立幸町小学校内","常時使用可（避難所開設中に限る）","-","既設給水栓利用型"
"8","EPSG:4612","139.62990722222222","35.59697655555556","高津 1","北見方","川崎市高津区北見方1-11-2","第三京浜道路下、渡辺ハイツ前","× 非開設","-","管路上"
"9","EPSG:4612","139.6318395","35.59174038888889","中原 31","大谷戸小学校","川崎市中原区上小田中1-27-1","市立大谷戸小学校内","常時使用可（避難所開設中に限る）","-","既設給水栓利用型"
"10","EPSG:4612","139.71532355555556","35.52410994444445","川崎 57","向小学校","川崎市川崎区大島4-17-1","市立向小学校内","常時使用可（避難所開設中に限る）","-","既設給水栓利用型"
"11","EPSG:4612","139.6926131388889","35.51929611111111","川崎 58","京町小学校","川崎市川崎区京町1-1-4","市立京町小学校内","常時使用可（避難所開設中に限る）","-","既設給水栓利用型"
"12","EPSG:4612","139.71752552777778","35.51696041666667","川崎 59","大島小学校","川崎市川崎区浜町1-5-1","市立大島小学校内","常時使用可（避難所開設中に限る）","-","既設給水栓利用型"
"13","EPSG:4612","139.70815133333332","35.52783186111111","川崎 60","富士見中学校","川崎市川崎区富士見2-1-2","市立富士見中学校内","常時使用可（避難所開設中に限る）","-","既設給水栓利用型"
"14","EPSG:4612","139.72727847222222","35.52322397222222","川崎 61","桜本中学校","川崎市川崎区池上新町1-2-4","市立桜本中学校内","常時使用可（避難所開設中に限る）","-","既設給水栓利用型"
"15","EPSG:4612","139.7154313888889","35.52739644444444","川崎 62","川崎高付属中学校","川崎市川崎区中島3-3-1","市立川崎高付属中学校内","常時使用可（避難所開設中に限る）","-","既設給水栓利用型"
"16","EPSG:4612","139.72225297222224","35.52068777777778","川崎 63","さくら小学校","川崎市川崎区桜本1-9-15","市立さくら小学校内","常時使用可（避難所開設中に限る）","-","既設給水栓利用型"
"17","EPSG:4612","139.66551625","35.54115455555556","幸 28","小倉小学校","川崎市幸区小倉2-20-1","市立小倉小学校内","常時使用可（避難所開設中に限る）","-","既設給水栓利用型"
"18","EPSG:4612","139.66183894444444","35.55384525","幸 29","日吉中学校","川崎市幸区北加瀬2-3-1","市立日吉中学校内","常時使用可（避難所開設中に限る）","-","既設給水栓利用型"
"19","EPSG:4612","139.65520072222222","35.55744880555556","中原 45","木月小学校","川崎市中原区木月4-53-1","市立木月小学校内","常時使用可（避難所開設中に限る）","-","既設給水栓利用型"
"20","EPSG:4612","139.6178586388889","35.595052555555554","高津 33","久本小学校","川崎市高津区久本3-11-3","市立久本小学校内","常時使用可（避難所開設中に限る）","-","既設給水栓利用型"
"21","EPSG:4612","139.6004286388889","35.60351822222222","高津 34","下作延小学校","川崎市高津区下作延5-19-1","市立下作延小学校内","常時使用可（避難所開設中に限る）","-","既設給水栓利用型"
"22","EPSG:4612","139.6214476388889","35.591814944444444","高津 35","東高津中学校","川崎市高津区末長4-1-1","市立東高津中学校内","常時使用可（避難所開設中に限る）","-","既設給水栓利用型"
"23","EPSG:4612","139.54201927777777","35.59593297222222","宮前 43","稗原小学校","川崎市宮前区水沢3-7-1","市立稗原小学校内","常時使用可（避難所開設中に限る）","-","既設給水栓利用型"
"24","EPSG:4612","139.5801441388889","35.588350166666665","宮前 44","富士見台小学校","川崎市宮前区宮前平2-18-3","市立富士見台小学校内","常時使用可（避難所開設中に限る）","-","既設給水栓利用型"
"25","EPSG:4612","139.5676138888889","35.59557961111111","宮前 45","白幡台小学校","川崎市宮前区南平台13-1","市立白幡台小学校内","常時使用可（避難所開設中に限る）","-","既設給水栓利用型"
"26","EPSG:4612","139.55717752777778","35.598039166666666","宮前 46","菅生小学校","川崎市宮前区菅生1-5-1","市立菅生小学校内","常時使用可（避難所開設中に限る）","-","既設給水栓利用型"
"27","EPSG:4612","139.5766246388889","35.600295527777774","宮前 47","向丘小学校","川崎市宮前区平1-6-1","市立向丘小学校内","常時使用可（避難所開設中に限る）","-","既設給水栓利用型"
"28","EPSG:4612","139.52292241666666","35.63658702777778","多摩 46","菅中学校","川崎市多摩区菅城下28-1","市立菅中学校内","常時使用可（避難所開設中に限る）","-","既設給水栓利用型"
"29","EPSG:4612","139.55056433333334","35.616065","多摩 47","東生田小学校","川崎市多摩区枡形4-9-1","市立東生田小学校内","常時使用可（避難所開設中に限る）","-","既設給水栓利用型"
"30","EPSG:4612","139.48342072222223","35.57898794444444","麻生 40","岡上小学校","川崎市麻生区岡上675-1","市立岡上小学校内","常時使用可（避難所開設中に限る）","-","既設給水栓利用型"
"31","EPSG:4612","139.52788480555554","35.59782091666667","麻生 41","長沢小学校","川崎市麻生区東百合丘2-24-7","市立長沢小学校内","常時使用可（避難所開設中に限る）","-","既設給水栓利用型"
"32","EPSG:4612","139.52442225","35.59845611111111","麻生 42","長沢中学校","川崎市麻生区東百合丘4-12-1","市立長沢中学校内","常時使用可（避難所開設中に限る）","-","既設給水栓利用型"
"33","EPSG:4612","139.4958684722222","35.59104991666667","麻生 43","柿生小学校","川崎市麻生区片平3-3-1","市立柿生小学校内","常時使用可（避難所開設中に限る）","-","既設給水栓利用型"
"34","EPSG:4612","139.51927633333332","35.59653725","麻生 3","東百合丘（１）","川崎市麻生区東百合丘4-42-7","三井住友銀行東百合丘出張所前","× 非開設","-","管路上"
"35","EPSG:4612","139.65080372222224","35.55882597222222","中原 3","木月","川崎市中原区木月4-32-1","東急東横線ガード横下","× 非開設","-","管路上"
"36","EPSG:4612","139.69896944444446","35.51287258333333","川崎 49","田島中学校","川崎市川崎区小田2-21-7","市立田島中学校内","常時使用可（避難所開設中に限る）","-","既設給水栓利用型"
"37","EPSG:4612","139.72549777777778","35.52544525","川崎 50","藤崎小学校","川崎市川崎区藤崎3-2-1","市立藤崎小学校内","常時使用可（避難所開設中に限る）","-","既設給水栓利用型"
"38","EPSG:4612","139.70674958333333","35.51223933333333","川崎 51","東小田小学校","川崎市川崎区小田5-11-20","市立東小田小学校内","常時使用可（避難所開設中に限る）","-","既設給水栓利用型"
"39","EPSG:4612","139.71934619444446","35.523530694444446","川崎 52","東大島小学校","川崎市川崎区大島5-25-1","市立東大島小学校内","常時使用可（避難所開設中に限る）","-","既設給水栓利用型"
"40","EPSG:4612","139.70295691666666","35.50740441666667","川崎 53","浅田小学校","川崎市川崎区浅田2-11-21","市立浅田小学校内","常時使用可（避難所開設中に限る）","-","既設給水栓利用型"
"41","EPSG:4612","139.64365172222222","35.56931494444444","中原 36","井田中学校","川崎市中原区井田杉山町11-1","市立井田中学校内","常時使用可（避難所開設中に限る）","-","既設給水栓利用型"
"42","EPSG:4612","139.63833086111111","35.579874527777775","中原 37","大戸小学校","川崎市中原区下小田中1-4-1","市立大戸小学校内","常時使用可（避難所開設中に限る）","-","既設給水栓利用型"
"43","EPSG:4612","139.61040566666668","35.60746025","高津 26","西高津中学校","川崎市高津区久地1-10-1","市立西高津中学校内","常時使用可（避難所開設中に限る）","-","既設給水栓利用型"
"44","EPSG:4612","139.61900427777778","35.59022294444444","高津 28","末長小学校","川崎市高津区末長3-8-1","市立末長小学校内","常時使用可（避難所開設中に限る）","-","既設給水栓利用型"
"45","EPSG:4612","139.5653408888889","35.591531777777774","宮前 35","犬蔵小学校","川崎市宮前区犬蔵1-3-1","市立犬蔵小学校内","常時使用可（避難所開設中に限る）","-","既設給水栓利用型"
"46","EPSG:4612","139.59821552777777","35.589505","宮前 36","宮崎中学校","川崎市宮前区宮崎107","市立宮崎中学校内","常時使用可（避難所開設中に限る）","-","既設給水栓利用型"
"47","EPSG:4612","139.580497","35.59872466666667","宮前 37","向丘中学校","川崎市宮前区神木本町5-11-1","市立向丘中学校内","常時使用可（避難所開設中に限る）","-","既設給水栓利用型"
"48","EPSG:4612","139.54145577777777","35.61716975","多摩 36","生田小学校","川崎市多摩区生田7-22-1","市立生田小学校内","常時使用可（避難所開設中に限る）","-","既設給水栓利用型"
"49","EPSG:4612","139.53024566666667","35.627054694444446","多摩 37","西菅小学校","川崎市多摩区菅北浦4-2-1","市立西菅小学校内","常時使用可（避難所開設中に限る）","-","既設給水栓利用型"
"50","EPSG:4612","139.54838186111112","35.618828416666666","多摩 38","枡形中学校","川崎市多摩区枡形1-22-1","市立枡形中学校内","常時使用可（避難所開設中に限る）","-","既設給水栓利用型"
"51","EPSG:4612","139.55894744444444","35.62251747222222","多摩 39","登戸小学校","川崎市多摩区登戸1329","市立登戸小学校内","常時使用可（避難所開設中に限る）","-","既設給水栓利用型"
"52","EPSG:4612","139.51263066666667","35.599478222222224","麻生 32","南百合丘小学校","川崎市麻生区王禅寺西1-26-1","市立南百合丘小学校内","常時使用可（避難所開設中に限る）","-","既設給水栓利用型"
"53","EPSG:4612","139.50645972222222","35.59016752777778","麻生 33","真福寺小学校","川崎市麻生区白山5-3-1","市立真福寺小学校内","常時使用可（避難所開設中に限る）","-","既設給水栓利用型"
"54","EPSG:4612","139.5188763611111","35.615905166666664","麻生 34","西生田中学校","川崎市麻生区高石3-25-1","市立西生田中学校内","常時使用可（避難所開設中に限る）","-","既設給水栓利用型"
"55","EPSG:4612","139.51361697222222","35.58689758333333","麻生 35","王禅寺中央小学校","川崎市麻生区王禅寺東4-14-1","市立王禅寺中央小学校内","常時使用可（避難所開設中に限る）","-","既設給水栓利用型"
"56","EPSG:4612","139.5130663611111","35.58614852777778","麻生 36","王禅寺中央中学校","川崎市麻生区王禅寺東4-14-2","市立王禅寺中央中学校内","常時使用可（避難所開設中に限る）","-","既設給水栓利用型"
"57","EPSG:4612","139.52138025","35.57881780555556","麻生 27","虹ヶ丘小学校","川崎市麻生区虹ケ丘1-21-2","市立虹ヶ丘小学校内","常時使用可（避難所開設中に限る）","-","既設給水栓利用型"
"58","EPSG:4612","139.48247411111112","35.58000563888889","麻生 8","岡上","川崎市麻生区岡上680","市立岡上小学校北交差点","× 非開設","-","管路上"
"59","EPSG:4612","139.62068052777778","35.581897805555556","高津 21","橘小学校","川崎市高津区千年1024","市立橘小学校内","常時使用可（避難所開設中に限る）","-","既設給水栓利用型"
"60","EPSG:4612","139.58538133333334","35.5895485","宮前 23","宮前平小学校","川崎市宮前区宮前平3-14-1","市立宮前平小学校内","常時使用可（避難所開設中に限る）","-","既設給水栓利用型"
"61","EPSG:4612","139.55277563888887","35.59834277777778","宮前 24","菅生中学校","川崎市宮前区菅生2-10-1","市立菅生中学校内","常時使用可（避難所開設中に限る）","-","既設給水栓利用型"
"62","EPSG:4612","139.59852427777778","35.575517777777776","宮前 1","野川（１）","川崎市宮前区野川台1-9-16","東急バス野川台西口バス停東側","× 非開設","-","管路上"
"63","EPSG:4612","139.61345397222223","35.57349297222222","宮前 9","野川（２）","川崎市宮前区野川本町2-29-1","市営・東急バス野川郵便局前バス停","× 非開設","-","管路上"
"64","EPSG:4612","139.60578166666667","35.57443675","宮前 11","野川（３）","川崎市宮前区西野川2-2-1","市立野川中学校北側","× 非開設","-","管路上"
"65","EPSG:4612","139.5872248888889","35.579614666666664","宮前 28","宮崎小学校","川崎市宮前区馬絹1-30-9","市立宮崎小学校内","常時使用可（避難所開設中に限る）","-","既設給水栓利用型"
"66","EPSG:4612","139.7247236388889","35.50562161111111","川崎 4","扇町","川崎市川崎区扇町2-5","扇町交差点西側","× 非開設","-","管路上"
"67","EPSG:4612","139.53364466666667","35.60666075","多摩 29","南生田小学校","川崎市多摩区南生田3-1-1     ","市立南生田小学校内","常時使用可（避難所開設中に限る）","-","既設給水栓利用型"
"68","EPSG:4612","139.62207608333333","35.59157027777778","高津 15","末長","川崎市高津区末長4-1-1","市立東高津中学校東側","× 非開設","-","管路上"
"69","EPSG:4612","139.637454","35.596808277777775","高津 14","下野毛２丁目公園","川崎市高津区下野毛2-8-3","下野毛2丁目公園内（貯水槽　容量100立方メートル）","× 非開設","-","貯水槽"
"70","EPSG:4612","139.62028475","35.58392533333333","高津 18","橘中学校","川崎市高津区千年1300","市立橘中学校内","常時使用可（避難所開設中に限る）","-","既設給水栓利用型"
"71","EPSG:4612","139.55252025","35.59185572222222","宮前 10","菅生（２）","川崎市宮前区菅生4-6-1","向ヶ丘自動車学校入口","× 非開設","-","管路上"
"72","EPSG:4612","139.61394369444446","35.59850336111111","高津 6","溝口（２）","川崎市高津区溝口1-6-7","セレサ川崎前","× 非開設","-","管路上"
"73","EPSG:4612","139.57589266666668","35.58235941666667","宮前 4","土橋","川崎市宮前区土橋3-1-11","市立土橋小学校南東側","× 非開設","-","管路上"
"74","EPSG:4612","139.64114213888888","35.588680277777776","中原 29","宮内小学校","川崎市中原区宮内2-4-1","市立宮内小学校内","常時使用可（避難所開設中に限る）","-","既設給水栓利用型"
"75","EPSG:4612","139.71370216666668","35.527326055555555","川崎 32","川崎高等学校附属中学校","川崎市川崎区中島3-3-1","市立川崎高等学校附属中学校西側","× 非開設","-","管路上"
"76","EPSG:4612","139.69153730555556","35.54333322222222","幸 20","御幸小学校","川崎市幸区遠藤町1","市立御幸小学校内","常時使用可（避難所開設中に限る）","-","既設給水栓利用型"
"77","EPSG:4612","139.48626825","35.601281666666665","麻生 25","白鳥中学校","川崎市麻生区白鳥1-5-1","市立白鳥中学校","常時使用可（避難所開設中に限る）","-","既設給水栓利用型"
"78","EPSG:4612","139.46115208333333","35.61786061111111","麻生 26","はるひ野小・中学校","川崎市麻生区はるひ野4-8-1","市立はるひ野小・中学校内","常時使用可（避難所開設中に限る）","-","既設給水栓利用型"
"79","EPSG:4612","139.56911791666667","35.57743994444444","宮前 25","鷺沼小学校","川崎市宮前区鷺沼2-1","市立鷺沼小学校","常時使用可（避難所開設中に限る）","-","既設給水栓利用型"
"80","EPSG:4612","139.65841336111112","35.569424166666664","中原 26","東住吉小学校","川崎市中原区木月住吉町1-11","市立東住吉小学校内","常時使用可（避難所開設中に限る）","-","既設給水栓利用型"
"81","EPSG:4612","139.66833027777778","35.56668483333333","中原 27","玉川中学校","川崎市中原区中丸子562","市立玉川中学校内","常時使用可（避難所開設中に限る）","-","既設給水栓利用型"
"82","EPSG:4612","139.54617941666666","35.61256602777778","多摩 31","生田中学校","川崎市多摩区生田2-5420-2","市立生田中学校内","常時使用可（避難所開設中に限る）","-","既設給水栓利用型"
"83","EPSG:4612","139.71465897222222","35.53194536111111","川崎 41","旭町小学校","川崎市川崎区旭町2-2-1","市立旭町小学校内","常時使用可（避難所開設中に限る）","-","既設給水栓利用型"
"84","EPSG:4612","139.7159915","35.51434641666667","川崎 42","臨港中学校","川崎市川崎区浜町2-11-22","市立臨港中学校内","常時使用可（避難所開設中に限る）","-","既設給水栓利用型"
"85","EPSG:4612","139.61102330555556","35.58744772222222","高津 22","新作小学校","川崎市高津区新作1-9-1","市立新作小学校内","常時使用可（避難所開設中に限る）","-","既設給水栓利用型"
"86","EPSG:4612","139.69596944444444","35.52432397222222","川崎 38","川崎小学校","川崎市川崎区日進町20-1","市立川崎小学校内","常時使用可（避難所開設中に限る）","-","既設給水栓利用型"
"87","EPSG:4612","139.73521758333334","35.535934222222224","川崎 39","東門前小学校","川崎市川崎区東門前3-4-6","市立東門前小学校内","常時使用可（避難所開設中に限る）","-","既設給水栓利用型"
"88","EPSG:4612","139.70102847222222","35.5181825","川崎 40","新町小学校","川崎市川崎区渡田新町3-15-1","市立新町小学校内","常時使用可（避難所開設中に限る）","-","既設給水栓利用型"
"89","EPSG:4612","139.69443983333332","35.54397544444444","幸 17","御幸中学校","川崎市幸区戸手4-2-1","市立御幸中学校内","常時使用可（避難所開設中に限る）","-","既設給水栓利用型"
"90","EPSG:4612","139.6911027777778","35.53752511111111","幸 18","南河原小学校","川崎市幸区都町18","市立南河原小学校内","常時使用可（避難所開設中に限る）","-","既設給水栓利用型"
"91","EPSG:4612","139.65084569444446","35.575808333333335","中原 24","今井中学校","川崎市中原区今井仲町7-1","市立今井中学校内","常時使用可（避難所開設中に限る）","-","既設給水栓利用型"
"92","EPSG:4612","139.65037133333334","35.58346077777778","中原 25","中原小学校","川崎市中原区小杉御殿町1-950","市立中原小学校内","常時使用可（避難所開設中に限る）","-","既設給水栓利用型"
"93","EPSG:4612","139.55079527777778","35.604842444444444","多摩 99","東京都長沢浄水場","川崎市多摩区三田5-1-1","小田急バス浄水場入口バス停","× 非開設","-","その他"
"94","EPSG:4612","139.67184405555557","35.53924683333333","幸 2","小倉","川崎市幸区小倉4-3-24","市営バス小倉下町バス停西側十字路","× 非開設","-","管路上"
"95","EPSG:4612","139.5446523888889","35.607914111111114","多摩 6","三田（１）","川崎市多摩区三田4-6-15","上下水道局長沢浄水場北側","× 非開設","-","管路上"
"96","EPSG:4612","139.54122105555555","35.61716738888889","多摩 12","生田","川崎市多摩区生田7-22-1","市立生田小学校内","× 非開設","-","管路上"
"97","EPSG:4612","139.53812588888889","35.62661722222222","多摩 5","菅馬場（１）","川崎市多摩区菅馬場2-17-1","市立東菅小学校東側","× 非開設","-","管路上"
"98","EPSG:4612","139.69922930555555","35.51578694444444","川崎 10","小田（１）","川崎市川崎区小田1-9-17","小田1丁目中央公園前","× 非開設","-","管路上"
"99","EPSG:4612","139.71577625","35.514517444444444","川崎 24","浜町（２）","川崎市川崎区浜町2-11-22","市立臨港中学校北側","× 非開設","-","管路上"
"100","EPSG:4612","139.584873","35.57178858333333","宮前 2","有馬（１）","川崎市宮前区有馬6-6-1","中有馬交差点東側","× 非開設","-","管路上"
"101","EPSG:4612","139.56473405555556","35.62431294444445","多摩 15","登戸第２公園","川崎市多摩区登戸新町227","登戸第2公園内（貯水槽　容量100立方メートル）","× 非開設","-","貯水槽"
"102","EPSG:4612","139.54693722222223","35.62853536111111","多摩 23","中野島","川崎市多摩区中野島1-16-1","市立中野島中学校東側","× 非開設","-","管路上"
"103","EPSG:4612","139.50005058333332","35.614082583333335","麻生 18","金程","川崎市麻生区金程3-16-1","市立金程中学校東側","× 非開設","-","管路上"
"104","EPSG:4612","139.48595844444444","35.60093947222222","麻生 19","白鳥","川崎市麻生区白鳥1-5-1","市立白鳥中学校南側","× 非開設","-","管路上"
"105","EPSG:4612","139.6889941111111","35.53612866666667","幸 1","都町","川崎市幸区都町39-1","南河原公園東側","× 非開設","-","管路上"
"106","EPSG:4612","139.62001097222222","35.56639327777778","高津 3","久末","川崎市高津区久末637","久末天照大神社南東側","× 非開設","-","管路上"
"107","EPSG:4612","139.74506872222221","35.53730016666667","川崎 6","殿町","川崎市川崎区殿町1-17-19","市立殿町小学校前","× 非開設","-","管路上"
"108","EPSG:4612","139.7191385","35.516742416666666","川崎 8","浜町（１）","川崎市川崎区浜町1-10-3","アキヤマ㈱本社ビル前","× 非開設","-","管路上"
"109","EPSG:4612","139.69747188888888","35.512186166666666","川崎 26","小田（２）","川崎市川崎区小田2-21-7","市立田島中学校西側","× 非開設","-","管路上"
"110","EPSG:4612","139.6934866111111","35.54457263888889","幸 11","戸手","川崎市幸区戸手4-2-1","市立御幸中学校西側","× 非開設","-","管路上"
"111","EPSG:4612","139.65856633333334","35.569065333333334","中原 2","木月住吉町","川崎市中原区木月住吉町1-1","（独）労働者健康安全機構前","× 非開設","-","管路上"
"112","EPSG:4612","139.63877433333334","35.59003030555556","中原 4","宮内","川崎市中原区宮内2-11-1","市営・東急バス　上宮内バス停","× 非開設","-","管路上"
"113","EPSG:4612","139.63950433333332","35.56550338888889","中原 6","井田","川崎市中原区井田1-40","交通局井田営業所車庫前","× 非開設","-","管路上"
"114","EPSG:4612","139.62749141666666","35.57619963888889","高津 2","千年（１）","川崎市高津区千年578","千年交番前","× 非開設","-","管路上"
"115","EPSG:4612","139.6122697222222","35.60635525","高津 4","溝口（１）","川崎市高津区溝口5-24","クリオ溝の口壱番館西側","× 非開設","-","管路上"
"116","EPSG:4612","139.6081465","35.58652663888889","高津 5","新作","川崎市高津区新作1-24-5","橘処理センター西側道路","× 非開設","-","管路上"
"117","EPSG:4612","139.62112419444443","35.58266641666667","高津 11","千年（２）","川崎市高津区千年1300","市立橘中学校南側","× 非開設","-","管路上"
"118","EPSG:4612","139.61674422222222","35.59555116666667","高津 16","久本小学校","川崎市高津区久本3-11-3","市立久本小学校内（貯水槽　容量100立方メートル）","× 非開設","-","貯水槽"
"119","EPSG:4612","139.590829","35.59330858333333","宮前 3","宮崎（１）","川崎市宮前区宮崎3-5-15","市立宮崎台小学校北東側","× 非開設","-","管路上"
"120","EPSG:4612","139.5615476111111","35.59424258333333","宮前 5","菅生（１）","川崎市宮前区菅生6-33-13","ハイツブルーム前","× 非開設","-","管路上"
"121","EPSG:4612","139.53706966666667","35.59414205555556","宮前 6","菅生ケ丘","川崎市宮前区菅生ケ丘29-8","稗原交差点北側","× 非開設","-","管路上"
"122","EPSG:4612","139.58690205555556","35.60161591666667","宮前 8","東高根森林公園","川崎市宮前区神木本町2-10-1","東高根森林公園内（貯留管　容量70立方メートル）","× 非開設","-","貯留管"
"123","EPSG:4612","139.57718797222222","35.57045058333333","宮前 13","有馬（２）","川崎市宮前区有馬7-7-1","市立有馬中学校南側","× 非開設","-","管路上"
"124","EPSG:4612","139.5986871388889","35.588759277777775","宮前 14","宮崎（２）","川崎市宮前区宮崎107","市立宮崎中学校東側","× 非開設","-","管路上"
"125","EPSG:4612","139.56383377777777","35.59005802777778","宮前 18","犬蔵","川崎市宮前区犬蔵1-10-1","市立犬蔵中学校北側","× 非開設","-","管路上"
"126","EPSG:4612","139.5921031111111","35.61259919444444","多摩 1","堰　","川崎市多摩区堰3-8","堰交差点東側","× 非開設","-","管路上"
"127","EPSG:4612","139.57740230555555","35.605729527777775","多摩 2","長尾","川崎市多摩区長尾6-34-7","上下水道局長尾加圧ポンプ所前","× 非開設","-","管路上"
"128","EPSG:4612","139.5599009722222","35.61694286111111","多摩 3","枡形（１）","川崎市多摩区枡形3-4-1","シャリエ向ヶ丘遊園前","× 非開設","-","管路上"
"129","EPSG:4612","139.53360355555554","35.63260419444445","多摩 4","菅　","川崎市多摩区菅2-3-12","市営・小田急バス稲田堤駅入口バス停","× 非開設","-","管路上"
"130","EPSG:4612","139.57844094444445","35.61720011111111","多摩 10","宿河原","川崎市多摩区宿河原4-21","稲田中学校西交差点東側","× 非開設","-","管路上"
"131","EPSG:4612","139.55681219444443","35.627037055555554","多摩 11","登戸","川崎市多摩区登戸599","シャルム登戸前","× 非開設","-","管路上"
"132","EPSG:4612","139.56278041666667","35.61019091666667","多摩 13","枡形（２）","川崎市多摩区枡形6-26","民家園入口前","× 非開設","-","管路上"
"133","EPSG:4612","139.54552744444445","35.61277675","多摩 17","三田（２）","川崎市多摩区三田2-5420-2","市立生田中学校西側","× 非開設","-","管路上"
"134","EPSG:4612","139.5078758888889","35.61698886111111","麻生 1","千代ケ丘","川崎市麻生区千代ケ丘7-3-20","小田急バス千代ヶ丘バス停","× 非開設","-","管路上"
"135","EPSG:4612","139.48218202777778","35.602707583333334","麻生 6","栗平","川崎市麻生区栗平1-1-26","小田急・神奈川中央交通バス吾妻バス停","× 非開設","-","管路上"
"136","EPSG:4612","139.52246205555556","35.57962333333333","麻生 10","虹ヶ丘公園","川崎市麻生区虹ケ丘1-21-1","虹ヶ丘公園内（貯水槽　容量100立方メートル）","× 非開設","-","貯水槽"
"137","EPSG:4612","139.66216644444444","35.54419952777778","幸 26","南加瀬中学校","川崎市幸区南加瀬3-10-1","市立南加瀬中学校内","常時使用可（避難所開設中に限る）","-","既設給水栓利用型"
"138","EPSG:4612","139.61412925","35.604623277777776","高津 32","高津小学校","川崎市高津区溝口4-19-1","市立高津小学校内","常時使用可（避難所開設中に限る）","-","既設給水栓利用型"
"139","EPSG:4612","139.60394961111112","35.58603316666667","高津 19","梶ヶ谷小学校","川崎市高津区梶ケ谷4-12","市立梶ヶ谷小学校内","常時使用可（避難所開設中に限る）","-","既設給水栓利用型"
"140","EPSG:4612","139.6031155","35.589270472222225","高津 9","梶ヶ谷第１公園","川崎市高津区梶ケ谷2-10","梶ヶ谷第1公園内(貯留管　容量100立方メートル)","× 非開設","-","貯留管"
"141","EPSG:4612","139.72196555555556","35.52764766666667","川崎 55","川中島中学校","川崎市川崎区藤崎2-19-1","市立川中島中学校内","常時使用可（避難所開設中に限る）","-","既設給水栓利用型"
"142","EPSG:4612","139.73753544444443","35.52665841666666","川崎 56","四谷小学校","川崎市川崎区四谷下町4-1","市立四谷小学校内","常時使用可（避難所開設中に限る）","-","既設給水栓利用型"
"143","EPSG:4612","139.66982880555557","35.54773425","幸 25","日吉小学校","川崎市幸区北加瀬1-37-1","市立日吉小学校内","常時使用可（避難所開設中に限る）","-","既設給水栓利用型"
"144","EPSG:4612","139.69295358333332","35.53312297222222","幸 27","南河原中学校","川崎市幸区中幸町4-31","市立南河原中学校内","常時使用可（避難所開設中に限る）","-","既設給水栓利用型"
"145","EPSG:4612","139.65489477777777","35.58628077777778","中原 38","西丸子小学校","川崎市中原区小杉陣屋町2-19-1","市立西丸子小学校内","常時使用可（避難所開設中に限る）","-","既設給水栓利用型"
"146","EPSG:4612","139.67239336111112","35.563932888888885","中原 39","玉川小学校","川崎市中原区北谷町32","市立玉川小学校内","常時使用可（避難所開設中に限る）","-","既設給水栓利用型"
"147","EPSG:4612","139.67831627777778","35.55877430555555","中原 40","平間中学校","川崎市中原区上平間1368","市立平間中学校内","常時使用可（避難所開設中に限る）","-","既設給水栓利用型"
"148","EPSG:4612","139.68159647222222","35.557957583333334","中原 41","下河原小学校","川崎市中原区上平間585","市立下河原小学校内","常時使用可（避難所開設中に限る）","-","既設給水栓利用型"
"149","EPSG:4612","139.6614382777778","35.565727027777776","中原 42","住吉中学校","川崎市中原区木月住吉町27-1","市立住吉中学校内","常時使用可（避難所開設中に限る）","-","既設給水栓利用型"
"150","EPSG:4612","139.6529006388889","35.56812413888889","中原 43","住吉小学校","川崎市中原区木月祇園町17-1","市立住吉小学校内","常時使用可（避難所開設中に限る）","-","既設給水栓利用型"
"151","EPSG:4612","139.64600355555555","35.585517833333334","中原 44","宮内中学校","川崎市中原区宮内4-13-1","市立宮内中学校内","常時使用可（避難所開設中に限る）","-","既設給水栓利用型"
"152","EPSG:4612","139.60018644444443","35.61118183333333","高津 29","久地小学校","川崎市高津区久地4-2-1","市立久地小学校内","常時使用可（避難所開設中に限る）","-","既設給水栓利用型"
"153","EPSG:4612","139.59735430555557","35.5976155","高津 30","上作延小学校","川崎市高津区上作延559","市立上作延小学校内","常時使用可（避難所開設中に限る）","-","既設給水栓利用型"
"154","EPSG:4612","139.6276905277778","35.60101097222222","高津 31","東高津小学校","川崎市高津区北見方2-5-1","市立東高津小学校内","常時使用可（避難所開設中に限る）","-","既設給水栓利用型"
"155","EPSG:4612","139.61014380555557","35.57354452777778","宮前 38","野川小学校","川崎市宮前区西野川2-19-1","市立野川小学校内","常時使用可（避難所開設中に限る）","-","既設給水栓利用型"
"156","EPSG:4612","139.56936922222224","35.60336261111111","宮前 39","平中学校","川崎市宮前区平3-15-1","市立平中学校内","常時使用可（避難所開設中に限る）","-","既設給水栓利用型"
"157","EPSG:4612","139.57627316666665","35.57158686111111","宮前 40","西有馬小学校","川崎市宮前区有馬7-6-1","市立西有馬小学校内","常時使用可（避難所開設中に限る）","-","既設給水栓利用型"
"158","EPSG:4612","139.5767335","35.5711725","宮前 41","有馬中学校","川崎市宮前区有馬7-7-1","市立有馬中学校内","常時使用可（避難所開設中に限る）","-","既設給水栓利用型"
"159","EPSG:4612","139.57543291666667","35.582713222222225","宮前 42","土橋小学校","川崎市宮前区土橋3-1-11","市立土橋小学校内","常時使用可（避難所開設中に限る）","-","既設給水栓利用型"
"160","EPSG:4612","139.58176583333332","35.60544408333333","多摩 40","長尾小学校","川崎市多摩区長尾7-28-1","市立長尾小学校内","常時使用可（避難所開設中に限る）","-","既設給水栓利用型"
"161","EPSG:4612","139.57434858333335","35.61686597222222","多摩 41","宿河原小学校","川崎市多摩区宿河原2-1-1","市立宿河原小学校内","常時使用可（避難所開設中に限る）","-","既設給水栓利用型"
"162","EPSG:4612","139.53012538888888","35.622743944444444","多摩 42","南菅中学校","川崎市多摩区菅馬場4-1-1","市立南菅中学校内","常時使用可（避難所開設中に限る）","-","既設給水栓利用型"
"163","EPSG:4612","139.53188130555554","35.62294611111111","多摩 43","南菅小学校","川崎市多摩区菅馬場3-25-1","市立南菅小学校内","常時使用可（避難所開設中に限る）","-","既設給水栓利用型"
"164","EPSG:4612","139.54664825","35.63128472222222","多摩 44","下布田小学校","川崎市多摩区布田23-1","市立下布田小学校内","常時使用可（避難所開設中に限る）","-","既設給水栓利用型"
"165","EPSG:4612","139.54352391666666","35.62373888888889","多摩 45","生田ふれあい広場","川崎市多摩区生田1-1-1","生田ふれあい広場内","○ 開設","7：00～22：00","既設給水栓利用型"
"166","EPSG:4612","139.47657847222223","35.61176088888889","麻生 37","栗木台小学校","川崎市麻生区栗木台5-15-1","市立栗木台小学校内","常時使用可（避難所開設中に限る）","-","既設給水栓利用型"
"167","EPSG:4612","139.50412188888887","35.60215825","麻生 38","麻生小学校","川崎市麻生区上麻生3-24-1","市立麻生小学校内","常時使用可（避難所開設中に限る）","-","既設給水栓利用型"
"168","EPSG:4612","139.5035802222222","35.59586238888889","麻生 39","麻生中学校","川崎市麻生区上麻生4-39-1","市立麻生中学校内","常時使用可（避難所開設中に限る）","-","既設給水栓利用型"
"169","EPSG:4612","139.69663008333333","35.509773527777774","川崎 54","京町中学校","川崎市川崎区京町3-19-11","市立京町中学校内","常時使用可（避難所開設中に限る）","-","既設給水栓利用型"
"170","EPSG:4612","139.63156058333334","35.58089894444444","中原 10","下新城","川崎市中原区下新城1-15-3","市立新城小学校西側","× 非開設","-","管路上"
"171","EPSG:4612","139.65850725","35.56605963888889","中原 8","中原平和公園　","川崎市中原区木月住吉町33-1","中原平和公園内（貯留管　容量100立方メートル）","× 非開設","-","貯留管"
"172","EPSG:4612","139.73864155555555","35.535523833333336","川崎 48","大師中学校","川崎市川崎区大師河原2-1-1","市立大師中学校内","常時使用可（避難所開設中に限る）","-","既設給水栓利用型"
"173","EPSG:4612","139.53522091666667","35.596743833333335","宮前 27","潮見台配水池","川崎市宮前区潮見台4-1","上下水道局潮見台配水所北側","× 非開設","-","災害時注水地点併設型"
"174","EPSG:4612","139.46000733333332","35.618063138888886","麻生 15","はるひ野","川崎市麻生区はるひ野4-8-1","市立はるひ野小・中学校西側","× 非開設","-","管路上"
"175","EPSG:4612","139.74550319444444","35.537672944444445","川崎 46","殿町小学校","川崎市川崎区殿町1-17-19","市立殿町小学校内","常時使用可（避難所開設中に限る）","-","既設給水栓利用型"
"176","EPSG:4612","139.68905383333333","35.522858416666665","川崎 47","川崎中学校","川崎市川崎区下並木50","市立川崎中学校内","常時使用可（避難所開設中に限る）","-","既設給水栓利用型"
"177","EPSG:4612","139.68892394444444","35.545934027777776","幸 24","西御幸小学校","川崎市幸区小向西町4-30","市立西御幸小学校内","常時使用可（避難所開設中に限る）","-","既設給水栓利用型"
"178","EPSG:4612","139.60657175","35.57479858333333","宮前 31","西野川小学校","川崎市宮前区野川台3-10-1","市立西野川小学校内","常時使用可（避難所開設中に限る）","-","既設給水栓利用型"
"179","EPSG:4612","139.64042005555555","35.57146044444445","中原 32","下小田中小学校","川崎市中原区下小田中3-35-1","市立下小田中小学校内","常時使用可（避難所開設中に限る）","-","既設給水栓利用型"
"180","EPSG:4612","139.67610233333335","35.55677736111111","中原 33","平間小学校","川崎市中原区上平間1480","市立平間小学校内","常時使用可（避難所開設中に限る）","-","既設給水栓利用型"
"181","EPSG:4612","139.64927344444445","35.57640141666667","中原 34","今井小学校","川崎市中原区今井西町3-18","市立今井小学校内","常時使用可（避難所開設中に限る）","-","既設給水栓利用型"
"182","EPSG:4612","139.6634168611111","35.56259283333333","中原 35","苅宿小学校","川崎市中原区苅宿25-1","市立苅宿小学校内","常時使用可（避難所開設中に限る）","-","既設給水栓利用型"
"183","EPSG:4612","139.6188821111111","35.5958385","高津 25","高津中学校","川崎市高津区久本3-11-2","市立高津中学校内","常時使用可（避難所開設中に限る）","-","既設給水栓利用型"
"184","EPSG:4612","139.60629805555556","35.57348838888889","宮前 32","野川中学校","川崎市宮前区西野川2-2-1","市立野川中学校内","常時使用可（避難所開設中に限る）","-","既設給水栓利用型"
"185","EPSG:4612","139.60390341666667","35.566693666666666","宮前 33","南野川小学校","川崎市宮前区南野川2-12-1","市立南野川小学校内","常時使用可（避難所開設中に限る）","-","既設給水栓利用型"
"186","EPSG:4612","139.58032105555554","35.59562569444444","宮前 34","平小学校","川崎市宮前区平6-5-1","市立平小学校内","常時使用可（避難所開設中に限る）","-","既設給水栓利用型"
"187","EPSG:4612","139.5328387222222","35.63243261111111","多摩 35","菅小学校","川崎市多摩区菅2-6-1","市内菅小学校内","常時使用可（避難所開設中に限る）","-","既設給水栓利用型"
"188","EPSG:4612","139.49270727777778","35.59666380555556","麻生 30","片平小学校","川崎市麻生区片平5-28-1","市立片平小学校内","常時使用可（避難所開設中に限る）","-","既設給水栓利用型"
"189","EPSG:4612","139.51009019444444","35.57913280555555","麻生 31","東柿生小学校","川崎市麻生区王禅寺6-3-1","市立東柿生小学校内","常時使用可（避難所開設中に限る）","-","既設給水栓利用型"
"190","EPSG:4612","139.60318558333333","35.57533727777778","宮前 12","野川第３公園","川崎市宮前区野川台2-8-1","野川第3公園内（貯水槽　容量100立方メートル）","× 非開設","-","貯水槽"
"191","EPSG:4612","139.70237983333334","35.52030005555556","川崎 45","渡田中学校","川崎市川崎区渡田向町11-1","市立渡田中学校内","常時使用可（避難所開設中に限る）","-","既設給水栓利用型"
"192","EPSG:4612","139.49923575","35.61362719444445","麻生 28","金程中学校","川崎市麻生区金程3-16-1","市立金程中学校内","常時使用可（避難所開設中に限る）","-","既設給水栓利用型"
"193","EPSG:4612","139.5034055","35.61703552777778","麻生 29","千代ヶ丘小学校","川崎市麻生区千代ヶ丘8-9-1","市立千代ヶ丘小学校内","常時使用可（避難所開設中に限る）","-","既設給水栓利用型"
"194","EPSG:4612","139.53693752777778","35.626715777777775","多摩 34","東菅小学校","川崎市多摩区菅馬場2-19-1","市立東菅小学校内","常時使用可（避難所開設中に限る）","-","既設給水栓利用型"
"195","EPSG:4612","139.75525472222222","35.52110988888889","川崎 2","千鳥町","川崎市川崎区千鳥町13-1","ＥＮＥＯＳ㈱　川崎製油所前","× 非開設","-","管路上"
"196","EPSG:4612","139.59148191666668","35.56799313888889","宮前 29","有馬小学校","川崎市宮前区東有馬5-12-1","市立有馬小学校内","常時使用可（避難所開設中に限る）","-","既設給水栓利用型"
"197","EPSG:4612","139.58370416666668","35.58946272222222","宮前 30","宮前平中学校","川崎市宮前区宮前平2-7","市立宮前平中学校内","常時使用可（避難所開設中に限る）","-","既設給水栓利用型"
"198","EPSG:4612","139.601509","35.58805825","高津 23","西梶ヶ谷小学校","川崎市高津区梶ケ谷2-14-1","市立西梶ヶ谷小学校内","常時使用可（避難所開設中に限る）","-","既設給水栓利用型"
"199","EPSG:4612","139.61859291666667","35.567682166666664","高津 24","久末小学校","川崎市高津区久末647","市立久末小学校内","常時使用可（避難所開設中に限る）","-","既設給水栓利用型"
"200","EPSG:4612","139.55101444444443","35.62946497222222","多摩 32","中野島小学校","川崎市多摩区中野島3-12-1","市立中野島小学校内","常時使用可（避難所開設中に限る）","-","既設給水栓利用型"
"201","EPSG:4612","139.5793546388889","35.61235788888889","多摩 33","稲田小学校","川崎市多摩区宿河原3-18-1","市立稲田小学校内","常時使用可（避難所開設中に限る）","-","既設給水栓利用型"
"202","EPSG:4612","139.67481725","35.54691586111111","幸 23","東小倉小学校","川崎市幸区東小倉1-1","市立東小倉小学校内","常時使用可（避難所開設中に限る）","-","既設給水栓利用型"
"203","EPSG:4612","139.64508005555555","35.564435277777775","中原 30","井田小学校","川崎市中原区井田中ノ町29-1","市立井田小学校内","常時使用可（避難所開設中に限る）","-","既設給水栓利用型"
"204","EPSG:4612","139.706485","35.502039583333335","川崎 5","白石町","川崎市川崎区白石町1","ＪＲ鶴見線武蔵白石踏切前","× 非開設","-","管路上"
"205","EPSG:4612","139.69257869444445","35.52572463888889","川崎 18","日進町","川崎市川崎区日進町5-1","上並木公園西","× 非開設","-","管路上"
"206","EPSG:4612","139.73076113888888","35.529631305555554","川崎 7","台町","川崎市川崎区台町7-2","大師公園前交差点南側","× 非開設","-","管路上"
"207","EPSG:4612","139.70289147222223","35.52744858333333","川崎 12","共同溝（２）","川崎市川崎区東田町11-27","総合新川橋病院前（国道15号）","× 非開設","-","管路上"
"208","EPSG:4612","139.7017962777778","35.52659416666667","川崎 13","共同溝（３）","川崎市川崎区南町17","南町交番前（国道15号歩道）","× 非開設","-","管路上"
"209","EPSG:4612","139.70648519444444","35.53232588888889","川崎 15","共同溝（４）　","川崎市川崎区堀之内町10-14","スシロー川崎第一京浜店前（国道15号）","× 非開設","-","管路上"
"210","EPSG:4612","139.72556430555557","35.53104375","川崎 43","川中島小学校","川崎市川崎区川中島2-4-19","市立川中島小学校内","常時使用可（避難所開設中に限る）","-","既設給水栓利用型"
"211","EPSG:4612","139.73649516666666","35.52815088888889","川崎 44","南大師中学校","川崎市川崎区四谷上町24-1","市立南大師中学校内","常時使用可（避難所開設中に限る）","-","既設給水栓利用型"
"212","EPSG:4612","139.67891205555554","35.549210277777775","幸 21","下平間小学校","川崎市幸区下平間175","市立下平間小学校内","常時使用可（避難所開設中に限る）","-","既設給水栓利用型"
"213","EPSG:4612","139.58903105555555","35.59251977777778","宮前 22","宮崎台小学校","川崎市宮前区宮崎3-18-2","市立宮崎台小学校内","常時使用可（避難所開設中に限る）","-","既設給水栓利用型"
"214","EPSG:4612","139.53320894444445","35.60594316666667","多摩 22","南生田","川崎市多摩区南生田3-4-1","市立南生田中学校西側","× 非開設","-","管路上"
"215","EPSG:4612","139.5461953888889","35.62840747222222","多摩 24","中野島中学校","川崎市多摩区中野島1-16-1","市立中野島中学校内","常時使用可（避難所開設中に限る）","-","既設給水栓利用型"
"216","EPSG:4612","139.64832066666668","35.584254083333335","中原 9","等々力緑地","川崎市中原区宮内4-1-2","等々力緑地入口 会館とどろき横（貯留管　容量100立方メートル）","× 非開設","-","貯留管"
"217","EPSG:4612","139.5623084722222","35.619799","多摩 9","多摩区役所","川崎市多摩区登戸1775-1","多摩区役所前","× 非開設","-","管路上"
"218","EPSG:4612","139.7084768611111","35.529355861111114","川崎 9","富士見","川崎市川崎区富士見1-1-4","カルッツかわさき前","× 非開設","-","管路上"
"219","EPSG:4612","139.60824122222223","35.599521861111114","高津 7","高津区役所","川崎市高津区下作延2-8-1","高津区役所正面","× 非開設","-","管路上"
"220","EPSG:4612","139.65656708333333","35.58050386111111","中原 28","小杉小学校","川崎市中原区小杉町2-295-1","市立小杉小学校内","常時使用可（避難所開設中に限る）","-","既設給水栓利用型"
"221","EPSG:4612","139.56841897222222","35.58396305555556","宮前 26","宮崎配水塔","川崎市宮前区鷺沼4-11-6","上下水道局宮崎配水塔北側","× 非開設","-","災害時注水地点併設型"
"222","EPSG:4612","139.47009547222223","35.61145375","麻生 24","黒川配水池","川崎市麻生区黒川313","上下水道局黒川配水池東側","× 非開設","-","災害時注水地点併設型"
"223","EPSG:4612","139.53384230555557","35.60580411111111","多摩 30","南生田中学校","川崎市多摩区南生田3-4-1","市立南生田中学校内","常時使用可（避難所開設中に限る）","-","既設給水栓利用型"
"224","EPSG:4612","139.6645349722222","35.57869794444444","中原 15","上丸子小学校","川崎市中原区上丸子八幡町815","市立上丸子小学校（貯水槽　容量100立方メートル）","× 非開設","-","貯水槽"
"225","EPSG:4612","139.6623292777778","35.547672","幸 16","夢見ヶ崎小学校","川崎市幸区南加瀬2-13-1","市立夢見ヶ崎小学校内","常時使用可（避難所開設中に限る）","-","既設給水栓利用型"
"226","EPSG:4612","139.6642611388889","35.57888136111111","中原 23","上丸子小学校","川崎市中原区上丸子八幡町815","市立上丸子小学校内","常時使用可（避難所開設中に限る）","-","既設給水栓利用型"
"227","EPSG:4612","139.57909744444444","35.61836566666667","多摩 28","稲田中学校","川崎市多摩区宿河原4-1-1","市立稲田中学校内","常時使用可（避難所開設中に限る）","-","既設給水栓利用型"
"228","EPSG:4612","139.7079501111111","35.52188513888889","川崎 37","田島小学校","川崎市川崎区渡田1-20-1","市立田島小学校内","常時使用可（避難所開設中に限る）","-","既設給水栓利用型"
"229","EPSG:4612","139.63305419444444","35.57037588888889","高津 13","子母口","川崎市高津区子母口730","市立子母口小学校・東橘中学校北側","× 非開設","-","管路上"
"230","EPSG:4612","139.68543355555556","35.54219805555555","幸 15","戸手小学校","川崎市幸区戸手本町1-165","市立戸手小学校内","常時使用可（避難所開設中に限る）","-","既設給水栓利用型"
"231","EPSG:4612","139.6323069722222","35.569776194444444","高津 20","子母口小学校・東橘中学校","川崎市高津区子母口730","市立子母口小学校・東橘中学校内","常時使用可（避難所開設中に限る）","-","既設給水栓利用型"
"232","EPSG:4612","139.5144956388889","35.60745977777778","麻生 22","百合丘小学校","川崎市麻生区百合丘2-1-2","市立百合丘小学校内","常時使用可（避難所開設中に限る）","-","既設給水栓利用型"
"233","EPSG:4612","139.49993566666666","35.61155130555556","麻生 21","金程小学校","川崎市麻生区金程2-10-1","市立金程小学校内","常時使用可（避難所開設中に限る）","-","既設給水栓利用型"
"234","EPSG:4612","139.68114086111112","35.54622372222222","幸 14","古川小学校","川崎市幸区古川町70","市立古川小学校内","常時使用可（避難所開設中に限る）","-","既設給水栓利用型"
"235","EPSG:4612","139.52737122222223","35.60568258333333","多摩 25","高石配水塔","川崎市多摩区西生田5-28-1","上下水道局高石配水塔北側","× 非開設","-","災害時注水地点併設型"
"236","EPSG:4612","139.65512394444445","35.57659411111111","中原 7","中原区役所","川崎市中原区小杉町3-245","中原区役所北側","× 非開設","-","管路上"
"237","EPSG:4612","139.65019922222223","35.575829194444445","中原 13","今井仲町","川崎市中原区今井仲町7-1","市立今井中学校西側","× 非開設","-","管路上"
"238","EPSG:4612","139.52747616666667","35.60583038888889","多摩 8","西生田（２）","川崎市多摩区西生田5-28-1","上下水道局高石配水塔北側","× 非開設","-","管路上"
"239","EPSG:4612","139.70546625","35.52863447222222","川崎 35","宮前小学校","川崎市川崎区宮前町8-13","市立宮前小学校内","常時使用可（避難所開設中に限る）","-","既設給水栓利用型"
"240","EPSG:4612","139.65958341666666","35.58580038888889","中原 22","中原中学校","川崎市中原区小杉陣屋町1-24-1","市立中原中学校内","常時使用可（避難所開設中に限る）","-","既設給水栓利用型"
"241","EPSG:4612","139.54656580555556","35.61070244444444","多摩 27","三田小学校","川崎市多摩区三田3-6-4","市立三田小学校内","常時使用可（避難所開設中に限る）","-","既設給水栓利用型"
"242","EPSG:4612","139.7017796111111","35.511272166666664","川崎 36","小田小学校","川崎市川崎区小田4-12-24","市立小田小学校内","常時使用可（避難所開設中に限る）","-","既設給水栓利用型"
"243","EPSG:4612","139.63213733333333","35.58152136111111","中原 21","新城小学校","川崎市中原区下新城1-15-1","市立新城小学校内","常時使用可（避難所開設中に限る）","-","既設給水栓利用型"
"244","EPSG:4612","139.52362219444444","35.59870319444445","麻生 17","東百合丘（２）","川崎市麻生区東百合丘4-12-1","市立長沢中学校北側","× 非開設","-","管路上"
"245","EPSG:4612","139.7350123611111","35.533252555555556","川崎 34","大師小学校","川崎市川崎区東門前2-6-1","市立大師小学校内","常時使用可（避難所開設中に限る）","-","既設給水栓利用型"
"246","EPSG:4612","139.7101916111111","35.51610327777778","川崎 33","渡田小学校","川崎市川崎区田島町14-1","市立渡田小学校内","常時使用可（避難所開設中に限る）","-","既設給水栓利用型"
"247","EPSG:4612","139.5233966111111","35.63702658333333","多摩 19","菅中学校","川崎市多摩区菅城下28-1","市立菅中学校内（貯水槽　容量100立方メートル）","× 非開設","-","貯水槽"
"248","EPSG:4612","139.51966730555554","35.61723327777778","麻生 16","細山","川崎市麻生区細山2-2-1","市立西生田小学校北側","× 非開設","-","管路上"
"249","EPSG:4612","139.73821530555554","35.53540711111111","川崎 31","大師河原","川崎市川崎区大師河原2-1-1","市立大師中学校西側","× 非開設","-","管路上"
"250","EPSG:4612","139.55222313888888","35.59862888888889","宮前 19","菅生（３）","川崎市宮前区菅生2-10-1","市立菅生中学校西側","× 非開設","-","管路上"
"251","EPSG:4612","139.78721016666665","35.520089166666665","川崎 1","浮島町","川崎市川崎区浮島町11-3","浮島バスターミナル前","× 非開設","-","管路上"
"252","EPSG:4612","139.55116791666666","35.629067666666664","多摩 20","中野島小学校","川崎市多摩区中野島3-12-1","市立中野島小学校内（貯水槽　容量100立方メートル）","× 非開設","-","貯水槽"
"253","EPSG:4612","139.54754427777777","35.61877058333334","多摩 21","枡形（３）","川崎市多摩区枡形1-22-1","市立枡形中学校西側","× 非開設","-","管路上"
"254","EPSG:4612","139.73059111111112","35.53141322222222","川崎 16","大師公園","川崎市川崎区大師公園1","大師公園内（貯留管　容量100立方メートル）","× 非開設","-","貯留管"
"255","EPSG:4612","139.72666655555557","35.52362727777778","川崎 23","池上新町","川崎市川崎区池上新町1-2-4","市立桜本中学校西側","× 非開設","-","管路上"
"256","EPSG:4612","139.70288783333334","35.52004980555556","川崎 25","渡田向町","川崎市川崎区渡田向町11-1","市立渡田中学校東側","× 非開設","-","管路上"
"257","EPSG:4612","139.63853397222223","35.579688","中原 16","大戸小学校","川崎市中原区下小田中1-4-1","市立大戸小学校（貯水槽　容量100立方メートル）","× 非開設","-","貯水槽"
"258","EPSG:4612","139.58445994444443","35.589219194444446","宮前 15","宮前平","川崎市宮前区宮前平2-7","市立宮前平中学校南側","× 非開設","-","管路上"
"259","EPSG:4612","139.57001741666667","35.60422883333333","宮前 16","平","川崎市宮前区平3-15-1","市立平中学校北側","× 非開設","-","管路上"
"260","EPSG:4612","139.49937477777777","35.587687333333335","麻生 14","上麻生（３）","川崎市麻生区上麻生6-40-1","市立柿生中学校北側","× 非開設","-","管路上"
"261","EPSG:4612","139.6867393611111","35.555281083333334","幸 12","古市場小学校","川崎市幸区古市場1-1","市立古市場小学校内","常時使用可（避難所開設中に限る）","-","既設給水栓利用型"
"262","EPSG:4612","139.65978144444443","35.543149416666665","幸 13","南加瀬小学校","川崎市幸区南加瀬4-24-1","市立南加瀬小学校内","常時使用可（避難所開設中に限る）","-","既設給水栓利用型"
"263","EPSG:4612","139.6702588888889","35.57297769444445","中原 19","下沼部小学校","川崎市中原区下沼部1955","市立下沼部小学校内","常時使用可（避難所開設中に限る）","-","既設給水栓利用型"
"264","EPSG:4612","139.64417605555556","35.57826063888889","中原 20","西中原中学校","川崎市中原区下小田中2-17-1","市立西中原中学校内","常時使用可（避難所開設中に限る）","-","既設給水栓利用型"
"265","EPSG:4612","139.56375205555557","35.58993725","宮前 20","犬蔵中学校","川崎市宮前区犬蔵1-10-1","市立犬蔵中学校内","常時使用可（避難所開設中に限る）","-","既設給水栓利用型"
"266","EPSG:4612","139.51974166666668","35.61692386111111","麻生 20","西生田小学校","川崎市麻生区細山2-2-1","市立西生田小学校内","常時使用可（避難所開設中に限る）","-","既設給水栓利用型"
"267","EPSG:4612","139.54729133333333","35.60875363888889","多摩 26","長沢配水池","川崎市多摩区三田5-1-1","上下水道局長沢浄水場北東側","× 非開設","-","災害時注水地点併設型"
"268","EPSG:4612","139.57476375","35.58154891666667","宮前 21","鷺沼配水池","川崎市宮前区土橋3-1-1","上下水道局鷺沼配水所南側","× 非開設","-","災害時注水地点併設型"
"269","EPSG:4612","139.48297833333334","35.5793765","麻生 11","岡上小学校","川崎市麻生区岡上675-１","市立岡上小学校内（貯水槽　容量60立方メートル）","× 非開設","-","貯水槽"
"270","EPSG:4612","139.7398685","35.50990575","川崎 3","水江町","川崎市川崎区水江町3-3","三菱電線工業㈱前","× 非開設","-","管路上"
"271","EPSG:4612","139.70443311111111","35.52957580555555","川崎 11","共同溝（１）","川崎市川崎区東田町8-14","ＮＴＴ川崎支店前（国道15号）","× 非開設","-","管路上"
"272","EPSG:4612","139.7228101388889","35.51941455555556","川崎 17","桜川公園","川崎市川崎区桜本1-14-3","桜川公園内","× 非開設","-","管路上"
"273","EPSG:4612","139.69871094444446","35.50965030555555","川崎 19","小田公園","川崎市川崎区小田4-20","小田公園内（貯水槽　容量100立方メートル）","× 非開設","-","貯水槽"
"274","EPSG:4612","139.70857413888888","35.51111816666667","川崎 20","南部防災ｾﾝﾀｰ","川崎市川崎区小田7-3-1","防災センター内北側（貯水槽　容量100立方メートル）","× 非開設","-","貯水槽"
"275","EPSG:4612","139.7592448888889","35.49616977777778","川崎 21","東扇島","川崎市川崎区東扇島31","東扇島福利厚生センター前","× 非開設","-","管路上"
"276","EPSG:4612","139.7076456111111","35.52851502777778","川崎 22","富士見中学校","川崎市川崎区富士見2-1-2","市立富士見中学校内（貯水槽　容量100立方メートル）","× 非開設","-","貯水槽"
"277","EPSG:4612","139.73633852777778","35.527757333333334","川崎 27","四谷上町","川崎市川崎区四谷上町24-1","市立南大師中学校南側","× 非開設","-","管路上"
"278","EPSG:4612","139.69027191666666","35.52269502777778","川崎 28","下並木","川崎市川崎区下並木50","市立川崎中学校東側","× 非開設","-","管路上"
"279","EPSG:4612","139.72261583333332","35.527037388888886","川崎 29","川中島中学校","川崎市川崎区藤崎2-19-1","市立川中島中学校内（貯水槽　容量100立方メートル）","× 非開設","-","貯水槽"
"280","EPSG:4612","139.74622122222223","35.53300930555555","川崎 30","出来野公園","川崎市川崎区日ノ出2-17","出来野公園内（貯水槽　容量100立方メートル）","× 非開設","-","貯水槽"
"281","EPSG:4612","139.66215608333334","35.54407997222222","幸 3","南加瀬","川崎市幸区南加瀬3-10-1","市立南加瀬中学校西側","× 非開設","-","管路上"
"282","EPSG:4612","139.67476325","35.55434325","幸 4","下平間","川崎市幸区下平間1-2","市住宅供給公社鹿島田ｸﾞﾘ-ﾝﾊｲﾂ前","× 非開設","-","管路上"
"283","EPSG:4612","139.68756480555555","35.543808166666665","幸 5","幸区役所","川崎市幸区戸手本町1-11-1","幸区役所構内","× 非開設","-","管路上"
"284","EPSG:4612","139.6931106111111","35.55213011111111","幸 6","御幸公園","川崎市幸区東古市場１","御幸公園内（貯留管　容量100立方メートル）","× 非開設","-","貯留管"
"285","EPSG:4612","139.66143575","35.554409","幸 7","北加瀬","川崎市幸区北加瀬2-3-1","市立日吉中学校前","× 非開設","-","管路上"
"286","EPSG:4612","139.66378055555555","35.54614877777778","幸 8","南加瀬五反公園","川崎市幸区南加瀬2-19-4","南加瀬五反公園内（貯水槽　容量100立方メートル）","× 非開設","-","貯水槽"
"287","EPSG:4612","139.67961861111112","35.548554277777775","幸 9","塚越中学校","川崎市幸区塚越1-60","市立塚越中学校内（貯水槽　容量100立方メートル）","× 非開設","-","貯水槽"
"288","EPSG:4612","139.69299927777777","35.532427194444445","幸 10","南河原中学校","川崎市幸区中幸町4-31","市立南河原中学校内（貯水槽　容量100立方メートル）","× 非開設","-","貯水槽"
"289","EPSG:4612","139.66657744444444","35.57706286111111","中原 1","上丸子山王町","川崎市中原区上丸子山王町2-1369","上丸子山王町西交差点東側","× 非開設","-","管路上"
"290","EPSG:4612","139.64426580555556","35.578357","中原 5","下小田中","川崎市中原区下小田中2-17-1","市立西中原中学校東側","× 非開設","-","管路上"
"291","EPSG:4612","139.66870416666666","35.56691736111111","中原 11","中丸子","川崎市中原区中丸子562","市立玉川中学校東門","× 非開設","-","管路上"
"292","EPSG:4612","139.65910891666667","35.58519036111111","中原 12","小杉陣屋町","川崎市中原区小杉陣屋町1-24-1","市立中原中学校南門","× 非開設","-","管路上"
"293","EPSG:4612","139.64379913888888","35.56925138888889","中原 14","井田中学校","川崎市中原区井田杉山町11-1","市立井田中学校内（貯水槽　容量100立方メートル）","× 非開設","-","貯水槽"
"294","EPSG:4612","139.67672247222222","35.556426555555554","中原 17","平間小学校","川崎市中原区上平間1480","市立平間小学校（貯水槽　容量100立方メートル）","× 非開設","-","貯水槽"
"295","EPSG:4612","139.6785842222222","35.55822963888889","中原 18","上平間","川崎市中原区上平間1368","市立平間中学校南側","× 非開設","-","管路上"
"296","EPSG:4612","139.61242711111112","35.58500441666666","高津 8","市民プラザ","川崎市高津区新作1-19-1","市民プラザ東門入口","× 非開設","-","管路上"
"297","EPSG:4612","139.62191025","35.571046083333336","高津 10","久末表耕地公園","川崎市高津区久末1938","久末表耕地公園内(貯水槽　容量100立方メートル)","× 非開設","-","貯水槽"
"298","EPSG:4612","139.61360758333333","35.60473833333333","高津 12","高津小学校","川崎市高津区溝口4-19-1","市立高津小学校内(貯水槽　容量100立方メートル)","× 非開設","-","貯水槽"
"299","EPSG:4612","139.60224422222223","35.609059888888886","高津 17","久地の里公園","川崎市高津区久地3-16","久地の里公園内（貯水槽　容量100立方メートル）","× 非開設","-","貯水槽"
"300","EPSG:4612","139.57835419444444","35.589338805555556","宮前 7","宮前区役所","川崎市宮前区宮前平2-20-5","宮前区役所構内駐車場内","× 非開設","-","管路上"
"301","EPSG:4612","139.5817815","35.59828641666667","宮前 17","神木本町","川崎市宮前区神木本町5-11-1","市立向丘中学校南側","× 非開設","-","管路上"
"302","EPSG:4612","139.5230183888889","35.61465863888889","多摩 7","西生田（１）","川崎市多摩区西生田1-15-6","高石歩道橋","× 非開設","-","管路上"
"303","EPSG:4612","139.52946297222223","35.62523130555556","多摩 14","西菅公園","川崎市多摩区菅北浦4-13","西菅公園駐車場奥(貯水槽　容量100立方メートル)","× 非開設","-","貯水槽"
"304","EPSG:4612","139.52904691666666","35.623633222222225","多摩 16","菅馬場（２）","川崎市多摩区菅馬場4-1","市立南菅中学校北側","× 非開設","-","管路上"
"305","EPSG:4612","139.5803398611111","35.61273247222222","多摩 18","稲田小学校","川崎市多摩区宿河原3-18-1","市立稲田小学校内（貯水槽　容量100立方メートル）","× 非開設","-","貯水槽"
"306","EPSG:4612","139.50286647222222","35.60408486111111","麻生 2","万福寺","川崎市麻生区万福寺1-11-3","麻生警察署前交差点東側","× 非開設","-","管路上"
"307","EPSG:4612","139.51242005555557","35.57962288888889","麻生 4","王禅寺東（１）","川崎市麻生区王禅寺東5-50-46","東柿生郵便局北側","× 非開設","-","管路上"
"308","EPSG:4612","139.49949241666667","35.59220972222222","麻生 5","上麻生（１）","川崎市麻生区上麻生5-11-1","グランドメゾン上麻生前","× 非開設","-","管路上"
"309","EPSG:4612","139.47035838888888","35.611424166666666","麻生 7","栗木台","川崎市麻生区栗木台2-15-1","川崎市黒川青少年野外活動センター前","× 非開設","-","管路上"
"310","EPSG:4612","139.50625358333335","35.60379213888889","麻生 9","麻生区役所","川崎市麻生区万福寺1-5-1","麻生区役所構内","× 非開設","-","管路上"
"311","EPSG:4612","139.51277508333334","35.586647166666665","麻生 12","王禅寺東（２）","川崎市麻生区王禅寺東4-14-2","市立王禅寺中央中学校西側","× 非開設","-","管路上"
"312","EPSG:4612","139.50427191666665","35.59649347222222","麻生 13","上麻生（２）","川崎市麻生区上麻生4-39-1","市立麻生中学校北側","× 非開設","-","管路上"
