全国地方公共団体コード,ID,地方公共団体名,介護サービス事業所名称,介護サービス事業所名称_カナ,介護サービス事業所名称_英字,実施サービス,所在地_全国地方公共団体コード,町字ID,所在地_連結表記,所在地_都道府県,所在地_市区町村,所在地_町字,所在地_番地以下,建物名等(方書),緯度,経度,高度の種別,高度の値,電話番号,内線番号,FAX番号,連絡先メールアドレス,連絡先FormURL,連絡先備考（その他、SNSなど）,郵便番号,法人番号,法人の名称,事業所番号,利用可能曜日,利用可能曜日特記事項,定員,URL,画像,画像_ライセンス,備考
141305,1.41305E+11,神奈川県川崎市,地域包括支援センタービオラ川崎,チキホウカツシエンセンタービオラカワサキ,,地域包括支援センター,141313,,神奈川県川崎市川崎区小田栄2-1-7特別養護老人ホームビオラ川崎内,神奈川県,川崎市,川崎区小田栄,,,35.512558,139.709866,,,(044)329-1680,,(044)322-2553,,,,"210-0843",,社会福祉法人　中川徳生会,,,,,https://www.city.kawasaki.jp/350/page/0000022091.html,,,
141305,1.41305E+11,神奈川県川崎市,大師の里地域包括支援センター,ダイシノサトチイキホウカツシエンセンター,,地域包括支援センター,141313,,神奈川県川崎市川崎区日ノ出2-7-1特別養護老人ホーム大師の里内,神奈川県,川崎市,川崎区日ノ出,,,35.53055,139.743172,,,(044)266-9130,,(044)266-9131,,,,"210-0824",,社会福祉法人　馬島福祉会,,,,,https://www.city.kawasaki.jp/350/page/0000022095.html,,,併設特別養護老人ホーム;老人デイサービスセンター
141305,1.41305E+11,神奈川県川崎市,大島中島地域包括支援センター,オオシマナカジマチイキホウカツシエンセンター,,地域包括支援センター,141313,,神奈川県川崎市川崎区中島2-3-2,神奈川県,川崎市,川崎区中島,,,35.529088,139.715087,,,(044)201-8831,,(044)201-8834,,,,"210-0806",,医療法人　啓和会,,,,,https://www.city.kawasaki.jp/350/page/0000022097.html,,,
141305,1.41305E+11,神奈川県川崎市,藤崎地域包括支援センター,フジサキチイキホウカツシンセンター,,地域包括支援センター,141313,,神奈川県川崎市川崎区藤崎4-20-1矢口ビル1階,神奈川県,川崎市,川崎区藤崎,,,35.524085,139.722444,,,(044)270-3215,,(044)270-5682,,,,"210-0804",,川崎医療生活協同組合,,,,,https://www.city.kawasaki.jp/350/page/0000022102.html,,,
141305,1.41305E+11,神奈川県川崎市,大師中央地域包括支援センター,ダイシチュウオウチイキホウカツシエンセンター,,地域包括支援センター,141313,,神奈川県川崎市川崎区大師駅前1-1-5川崎大師パークホームズ1階,神奈川県,川崎市,川崎区大師駅前,,,35.534341,139.725379,,,(044)270-5112,,(044)287-5562,,,,"210-0802",,社会福祉法人　川崎市社会福祉協議会,,,,,https://www.city.kawasaki.jp/350/page/0000022104.html,,,
141305,1.41305E+11,神奈川県川崎市,京町地域包括支援センター,キョウマチチイキホウカツシエンセンター,,地域包括支援センター,141313,,神奈川県川崎市川崎区京町2-15-6神和ビル3階,神奈川県,川崎市,川崎区京町,,,35.513995,139.696498,,,(044)333-7920,,(044)333-7938,,,,"210-0848",,川崎医療生活協同組合,,,,,https://www.city.kawasaki.jp/350/page/0000022107.html,,,併設訪問看護ステーション
141305,1.41305E+11,神奈川県川崎市,しおん地域包括支援センター,シオンチイキホウカツシエンセンター,,地域包括支援センター,141313,,神奈川県川崎市川崎区本町1-1-1母子育成会総合福祉施設内,神奈川県,川崎市,川崎区本町,,,35.533265,139.70167,,,(044)222-7792,,(044)222-7796,,,,"210-0001",,社会福祉法人　母子育成会,,,,,https://www.city.kawasaki.jp/350/page/0000022111.html,,,併設老人デイサービスセンター;老人短期入所施設;合築川崎乳児保育所;夜間保育所「あいいく」
141305,1.41305E+11,神奈川県川崎市,恒春園地域包括支援センター,コウシュンエンチイキホウカツシエンセンター,,地域包括支援センター,141313,,神奈川県川崎市川崎区小川町10-10特別養護老人ホーム恒春園内,神奈川県,川崎市,川崎区小川町,,,35.526578,139.696295,,,(044)211-6313,,(044)223-1240,,,,"210-0023",,社会福祉法人　馬島福祉会,,,,,https://www.city.kawasaki.jp/350/page/0000022113.html,,,併設特別養護老人ホーム;老人デイサービスセンター
141305,1.41305E+11,神奈川県川崎市,桜寿園地域包括支援センター,サクラコトブキエンチイキホウカツシエンセンター,,地域包括支援センター,141313,,神奈川県川崎市川崎区桜本2-39-4特別養護老人ホーム桜寿園内,神奈川県,川崎市,川崎区桜本,,,35.521309,139.726214,,,(044)287-2558,,(044)287-2577,,,,"210-0833",,社会福祉法人　セイワ,,,,,https://www.city.kawasaki.jp/350/page/0000022116.html,,,併設特別養護老人ホーム;老人デイサービスセンター
141305,1.41305E+11,神奈川県川崎市,みんなと暮らす町地域包括支援センター,ミンナトクラスマチチイキホウカツシエンセンター,,地域包括支援センター,141321,,神奈川県川崎市幸区東古市場116-12特別養護老人ホームみんなと暮らす町内,神奈川県,川崎市,幸区東古市場,,,35.551607,139.688119,,,(044)520-1905,,(044)520-1906,,,,"212-0051",,社会福祉法人　照陽会,,,,,https://www.city.kawasaki.jp/350/page/0000022121.html,,,併設特別養護老人ホーム;老人デイサービスセンター
141305,1.41305E+11,神奈川県川崎市,さいわい東地域包括支援センター,サイワイヒガシチイキホウカツシエンセンター,,地域包括支援センター,141321,,神奈川県川崎市幸区戸手4-1-9,神奈川県,川崎市,幸区戸手,,,35.543285,139.693752,,,(044)555-1411,,(044)555-1412,,,,"212-0005",,医療法人　啓和会,,,,,https://www.city.kawasaki.jp/350/page/0000022125.html,,,
141305,1.41305E+11,神奈川県川崎市,幸風苑地域包括支援センター,コウカゼソノチイキホウカツシエンセンター,,地域包括支援センター,141321,,神奈川県川崎市幸区都町4-1特別養護老人ホーム幸風苑内,神奈川県,川崎市,幸区都町,,,35.536671,139.687497,,,(044)556-4355,,(044)511-3511,,,,"210-0021",,社会福祉法人　セイワ,,,,,https://www.city.kawasaki.jp/350/page/0000022127.html,,,併設特別養護老人ホーム;老人デイサービスセンター
141305,1.41305E+11,神奈川県川崎市,しゃんぐりら地域包括支援センター,シャングリラチイキホウカツシエンセンター,,地域包括支援センター,141321,,神奈川県川崎市幸区東小倉6-1特別養護老人ホームしゃんぐりら内,神奈川県,川崎市,幸区東小倉,,,35.546497,139.676744,,,(044)520-3863,,(044)520-3861,,,,"212-0033",,社会福祉法人　母子育成会,,,,,https://www.city.kawasaki.jp/350/page/0000022139.html,,,併設特別養護老人ホーム;老人デイサービスセンター
141305,1.41305E+11,神奈川県川崎市,かしまだ地域包括支援センター,カシマダチイキホウカツシエンセンター,,地域包括支援センター,141321,,神奈川県川崎市幸区新塚越201ルリエ新川崎6階,神奈川県,川崎市,幸区新塚越,,,35.550617,139.675961,,,(044)540-3222,,(044)540-3220,,,,"212-0027",,医財団)石心会,,,,,https://www.city.kawasaki.jp/350/page/0000022131.html,,,
141305,1.41305E+11,神奈川県川崎市,夢見ヶ崎地域包括支援センター,ユメミガサキチイキホウカツシエンセンター,,地域包括支援センター,141321,,神奈川県川崎市幸区南加瀬1-7-14特別養護老人ホーム夢見ヶ崎内,神奈川県,川崎市,幸区南加瀬,,,35.547108,139.66772,,,(044)580-4765,,(044)742-8040,,,,"212-0055",,社会福祉法人　和楽会,,,,,https://www.city.kawasaki.jp/350/page/0000022134.html,,,併設特別養護老人ホーム;老人デイサービスセンター
141305,1.41305E+11,神奈川県川崎市,みやうち地域包括支援センター,ミヤウチチイキホウカツシエンセンター,,地域包括支援センター,141330,,神奈川県川崎市中原区宮内1-25-1特別養護老人ホームみやうち内,神奈川県,川崎市,中原区宮内,,,35.594564,139.641308,,,(044)740-2814,,(044)740-2816,,,,"211-0051",,社会福祉法人　セイワ,,,,,https://www.city.kawasaki.jp/350/page/0000022165.html,,,併設特別養護老人ホーム;老人デイ・サービスセンター
141305,1.41305E+11,神奈川県川崎市,いだ地域包括支援センター,イダチイキホウカツシエンセンター,,地域包括支援センター,141330,,神奈川県川崎市中原区井田2-27-1,神奈川県,川崎市,中原区井田,,,35.560063,139.640682,,,(044)751-6661,,(044)751-6385,,,,"211-0035",,社会福祉法人　和楽会,,,,,https://www.city.kawasaki.jp/350/page/0000022160.html,,,併設老人デイサービスセンター
141305,1.41305E+11,神奈川県川崎市,ひらまの里地域包括支援センター,ヒラマノサトチイキホウカツシエンセンター,,地域包括支援センター,141330,,神奈川県川崎市中原区上平間611-1特別養護老人ホームひらまの里内,神奈川県,川崎市,中原区上平間,,,35.557117,139.681454,,,(044)544-4012,,(044)544-3961,,,,"211-0013",,社会福祉法人　川崎市社会福祉事業団,,,,,https://www.city.kawasaki.jp/350/page/0000022155.html,,,併設特別養護老人ホーム;老人デイサービスセンター
141305,1.41305E+11,神奈川県川崎市,すみよし地域包括支援センター,スミヨシチイキホウカツシエンセンター,,地域包括支援センター,141330,,神奈川県川崎市中原区木月祗園町2-1特別養護老人ホームすみよし内,神奈川県,川崎市,中原区木月祗園町,,,35.569011,139.64882,,,(044)455-0980,,(044)455-0883,,,,"211-0033",,社会福祉法人　セイワ,,,,,https://www.city.kawasaki.jp/350/page/0000022152.html,,,併設特別養護老人ホーム;老人デイサービスセンター
141305,1.41305E+11,神奈川県川崎市,とどろき地域包括支援センター,トドロキチイキホウカツシエンセンター,,地域包括支援センター,141330,,神奈川県川崎市中原区今井南町8-5アイテック武蔵小杉101,神奈川県,川崎市,中原区今井南町,,,35.57413,139.65553,,,(044)281-3666,,(044)281-3616,,,,211-0064 ,,社会福祉法人　春日会,,,,,https://www.city.kawasaki.jp/350/page/0000022143.html,,,併設特別養護老人ホーム
141305,1.41305E+11,神奈川県川崎市,地域包括支援センターこだなか,チイキホウカツシエンセンターコダナカ,,地域包括支援センター ,141330,,神奈川県川崎市中原区上小田中3-21-20-101,神奈川県,川崎市,中原区上小田中,,,35.587078,139.633544,,,(044)798-2332,,(044)755-5656,,,,"211-0053",,社会福祉法人　中川徳生会,,,,,https://www.city.kawasaki.jp/350/page/0000022146.html,,,併設特別養護老人ホーム;老人デイサービスセンター
141305,1.41305E+11,神奈川県川崎市,溝口地域包括支援センター,ミゾノクチチイキホウカツシエンセンター,,地域包括支援センター,141348,,神奈川県川崎市高津区溝口1-6-10川崎市生活文化会館てくのかわさき3階,神奈川県,川崎市,高津区溝口,,,35.598876,139.613763,,,(044)820-1133,,(044)822-0500,,,,"213-0001",,社会福祉法人　川崎市社会福祉協議会,,,,,https://www.city.kawasaki.jp/350/page/0000022168.html,,,
141305,1.41305E+11,神奈川県川崎市,リ・ケア向ヶ丘地域包括支援センター,リケアムコウガオカチイキホウカツシエンセンター,,地域包括支援センター,141348,,神奈川県川崎市高津区向ヶ丘130-9,神奈川県,川崎市,高津区向ヶ丘,,,35.593267,139.593507,,,(044)865-6238,,(044)865-6239,,,,"213-0035",,特定非営利活動法人　リ・ケア福祉サービス,,,,,https://www.city.kawasaki.jp/350/page/0000022186.html,,,
141305,1.41305E+11,神奈川県川崎市,わらく地域包括支援センター,ワラクチイキホウカツシエンセンター,,地域包括支援センター,141348,,神奈川県川崎市高津区千年141特別養護老人ホーム和楽館内,神奈川県,川崎市,高津区千年,,,35.574554,139.621045,,,(044)799-7951,,(044)799-7952,,,,"213-0022",,社会福祉法人　和楽会,,,,,https://www.city.kawasaki.jp/350/page/0000022189.html,,,併設特別養護老人ホーム;老人デイサービスセンター
141305,1.41305E+11,神奈川県川崎市,すえなが地域包括支援センター,スエナガチイキホウカツシエンセンター,,地域包括支援センター,141348,,神奈川県川崎市高津区末長1-3-13特別養護老人ホームすえなが,神奈川県,川崎市,高津区末長,,,35.595322,139.60854,,,(044)861-5320,,(044)861-6194,,,,"213-0013",,社会福祉法人　セイワ,,,,,https://www.city.kawasaki.jp/350/page/0000022191.html,,,併設養護老人ホーム;特別養護老人ホーム;軽費老人ホーム;老人デイサービスセンター
141305,1.41305E+11,神奈川県川崎市,陽だまりの園地域包括支援センター,ヒダマリノエンチイキホウカツシエンセンター,,地域包括支援センター,141348,,神奈川県川崎市高津区諏訪2-10-15特別養護老人ホーム陽だまりの園内,神奈川県,川崎市,高津区諏訪,,,35.603521,139.628239,,,(044)814-5637,,(044)814-5636,,,,"213-0004",,社会福祉法人　照陽会,,,,,https://www.city.kawasaki.jp/350/page/0000022194.html,,,併設特別養護老人ホーム;老人デイサービスセンター
141305,1.41305E+11,神奈川県川崎市,ひさすえ地域包括支援センター,ヒサスエチイキホウカツシエンセンター,,地域包括支援センター,141348,,神奈川県川崎市高津久松410エムアール久末1階,神奈川県,川崎市,高津久松,,,35.564394,139.61585,,,(044)797-6531,,(044)797-6540,,,,"213-0026",,社会福祉法人　和楽会,,,,,https://www.city.kawasaki.jp/350/page/0000022195.html,,,
141305,1.41305E+11,神奈川県川崎市,樹の丘地域包括支援センター,キノオカチイキホウカツシエンセンター,,地域包括支援センター,141348,,神奈川県川崎市高津区久地4-19-8,神奈川県,川崎市,高津区久地,,,35.6091,139.593514,,,(044)820-8401,,(044)820-8402,,,,"213-0032",,川崎医療生活協同組合,,,,,https://www.city.kawasaki.jp/350/page/0000022172.html,,,
141305,1.41305E+11,神奈川県川崎市,フレンド神木地域包括支援センター,フレンドシボクチイキホウカツシエンセンター,,地域包括支援センター,141364,,神奈川県川崎市宮前区神木本町5-12-15特別養護老人ホームフレンド神木内,神奈川県,川崎市,宮前区神木本町,,,35.599619,139.580296,,,(044)871-1180,,(044)877-2800,,,,"216-0031",,社会福祉法人　三神会,,,,,https://www.city.kawasaki.jp/350/page/0000022196.html,,,併設特別養護老人ホーム
141305,1.41305E+11,神奈川県川崎市,レストア川崎地域包括支援センター,レストアカワサキチイキホウカツシエンセンター,,地域包括支援センター,141364,,神奈川県川崎市宮前区犬蔵2-25-9,神奈川県,川崎市,宮前区犬蔵,,,35.586367,139.560134,,,(044)976-9590,,(044)976-9591,,,,"216-0011",,医療法人　三星会,,,,,https://www.city.kawasaki.jp/350/page/0000022212.html,,,介護老人保健施設
141305,1.41305E+11,神奈川県川崎市,鷲ヶ峯地域包括支援センター,ワシガミネチイキホウカツシエンセンター,,地域包括支援センター,141364,,神奈川県川崎市宮前区菅生ヶ丘13-1特別養護老人ホーム鷲ヶ峯内,神奈川県,川崎市,宮前区菅生ヶ丘,,,35.597209,139.545251,,,(044)978-2724,,(044)976-6470,,,,"216-0014",,社会福祉法人　セイワ,,,,,https://www.city.kawasaki.jp/350/page/0000022214.html,,,併設特別養護老人ホーム;老人デイサービスセンター
141305,1.41305E+11,神奈川県川崎市,地域包括支援センタービオラ宮崎,チイキホウカツシエンセンタービオラミヤザキ,,地域包括支援センター,141364,,神奈川県川崎市宮前区宮崎2-8-32-102,神奈川県,川崎市,宮前区宮崎,,,35.588166,139.591647,,,(044)948-5371,,(044)948-5372,,,,"216-0033",,社会福祉法人　中川徳生会,,,,,https://www.city.kawasaki.jp/350/page/0000022202.html,,,
141305,1.41305E+11,神奈川県川崎市,宮前平地域包括支援センター,ミヤマエダイラチイキホウカツシエンセンター,,地域包括支援センター,141364,,神奈川県川崎市宮前区馬絹6-20-4,神奈川県,川崎市,宮前区馬絹,,,35.585045,139.595992,,,(044)872-7144,,(044)852-3377,,,,"216-0035",,医療法人　三星会,,,,,https://www.city.kawasaki.jp/350/page/0000022200.html,,,
141305,1.41305E+11,神奈川県川崎市,富士見プラザ地域包括支援センター,フジミプラザチイキホウカツシエンセンター,,地域包括支援センター,141364,,神奈川県川崎市宮前区南野川1-8-11特別養護老人ホーム富士見プラザ内,神奈川県,川崎市,宮前区南野川,,,35.572244,139.598746,,,(044)740-2883,,(044)777-3239,,,,"216-0001",,社会福祉法人　子の神福祉会,,,,,https://www.city.kawasaki.jp/350/page/0000022216.html,,,併設特別養護老人ホーム;老人デイサービスセンター
141305,1.41305E+11,神奈川県川崎市,みかど荘地域包括支援センター,ミカドソウチイキホウカツシエンセンター,,地域包括支援センター,141364,,神奈川県川崎市宮前区西野川3-39-11,神奈川県,川崎市,宮前区西野川,,,35.57105,139.610407,,,(044)777-5716,,(044)777-1193,,,,"216-0001",,社会福祉法人　くぬぎざか福祉会,,,,,https://www.city.kawasaki.jp/350/page/0000022205.html,,,併設特別養護老人ホーム;老人デイサービスセンター
141305,1.41305E+11,神奈川県川崎市,多摩川の里地域包括支援センター,タマガワノサトチイキホウカツシエンセンター,,地域包括支援センター,141356,,神奈川県川崎市多摩区中野島6-13-5特別養護老人ホーム多摩川の里内,神奈川県,川崎市,多摩区中野島,,,35.632304,139.551591,,,(044)935-5531,,(044)935-3511,,,,"214-0012",,社会福祉法人　川崎市社会福祉事業団,,,,,https://www.city.kawasaki.jp/350/page/0000022220.html,,,併設特別養護老人ホーム;老人デイサービスセンター;合築多摩川の里身体障害者福祉会館
141305,1.41305E+11,神奈川県川崎市,地域包括支援センター菅の里,チイキホウカツシエンセンタースゲノサト,,地域包括支援センター,141356,,神奈川県川崎市多摩区菅北浦3-10-20特別養護老人ホーム菅の里内,神奈川県,川崎市,多摩区菅北浦,,,35.63143,139.532069,,,(044)946-5514,,(044)946-3432,,,,"214-0008",,社会福祉法人　徳心会,,,,,https://www.city.kawasaki.jp/350/page/0000022222.html,,,併設特別養護老人ホーム;老人デイサービスセンター
141305,1.41305E+11,神奈川県川崎市,太陽の園地域包括支援センター,タイヨウノエンチイキホウカツシエンセンター,,地域包括支援センター,141356,,神奈川県川崎市多摩区栗谷2-16-6特別養護老人ホーム太陽の園,神奈川県,川崎市,多摩区栗谷,,,35.607429,139.534175,,,(044)959-1234,,(044)959-1233,,,,"214-0039",,社会福祉法人　照陽会,,,,,https://www.city.kawasaki.jp/350/page/0000022226.html,,,併設特別養護老人ホーム
141305,1.41305E+11,神奈川県川崎市,しゅくがわら地域包括支援センター,シュクガワラチイキホウカツシエンセンター,,地域包括支援センター,141356,,神奈川県川崎市多摩区宿河原6-20-19特別養護老人ホームしゅくがわら内,神奈川県,川崎市,多摩区宿河原,,,35.611352,139.584954,,,(044)930-5151,,(044)930-5911,,,,"214-0021",,社会福祉法人　鈴保福祉会,,,,,https://www.city.kawasaki.jp/350/page/0000022230.html,,,併設特別養護老人ホーム;老人デイサービスセンター
141305,1.41305E+11,神奈川県川崎市,よみうりランド花ハウス地域包括支援センター,ヨミウリランドハナハウスチイキホウカツシエンセンター,,地域包括支援センター,141356,,神奈川県川崎市多摩区菅仙谷4-1-4特別養護老人ホームよみうりランド花ハウス内,神奈川県,川崎市,多摩区菅仙谷,,,35.621882,139.519956,,,(044)969-3116,,(044)969-3160,,,,"214-0006",,社会福祉法人　読売光と愛の事業団,,,,,https://www.city.kawasaki.jp/350/page/0000022224.html,,,併設特別養護老人ホーム;老人デイサービスセンター
141305,1.41305E+11,神奈川県川崎市,登戸地域包括支援センター,ノボリトチイキホウカツシエンセンター,,地域包括支援センター,141356,,神奈川県川崎市多摩区登戸1891第3井出ビル3階,神奈川県,川崎市,多摩区登戸,,,35.618495,139.562647,,,(044)933-7055,,(044)933-7077,,,,"214-0014",,社会福祉法人　川崎市社会福祉協議会,,,,,https://www.city.kawasaki.jp/350/page/0000021780.html,,,
141305,1.41305E+11,神奈川県川崎市,長沢壮寿の里地域包括支援センター,ナガサワソウコトブキノサトチイキホウカツシエンセンター,,地域包括支援センター,141356,,神奈川県川崎市多摩区三田1-18-1パート81階,神奈川県,川崎市,多摩区三田,,,35.600199,139.5463,,,(044)935-0086,,(044)935-0093,,,,214-0034,,社会福祉法人　白山福祉会,,,,,https://www.city.kawasaki.jp/350/page/0000022218.html,,,併設特別養護老人ホーム;老人デイサービスセンター
141305,1.41305E+11,神奈川県川崎市,百合丘地域包括支援センター,ユリガオカチイキホウカツシエンセンター,,地域包括支援センター,141372,,神奈川県川崎市麻生区東百合丘3-17-4るーむら麻生2階,神奈川県,川崎市,麻生区東百合丘,,,35.59564,139.523851,,,(044)959-6522,,(044)712-0202,,,,"215-0012",,生活クラブ生活協同組合,,,,,https://www.city.kawasaki.jp/350/page/0000022238.html,,,老人デイサービスセンター
141305,1.41305E+11,神奈川県川崎市,柿生アルナ園地域包括支援センター,カキオアルナエンチイキホウカツシエンセンター,,地域包括支援センター,141372,,神奈川県川崎市麻生区上麻生5-19-10特別養護老人ホーム柿生アルナ園内,神奈川県,川崎市,麻生区上麻生,,,35.590908,139.500887,,,(044)989-5403,,(044)988-9774,,,,"215-0021",,社会福祉法人　鈴保福祉会,,,,,https://www.city.kawasaki.jp/350/page/0000022245.html,,,併設特別養護老人ホーム;老人デイサービスセンター
141305,1.41305E+11,神奈川県川崎市,地域包括支援センター虹の里,チイキホウカツシエンセンターニジノサト,,地域包括支援センター,141372,,神奈川県川崎市麻生区王禅寺963-26特別養護老人ホーム虹の里内,神奈川県,川崎市,麻生区王禅寺,,,35.58404,139.523069,,,(044)986-4088,,(044)986-1027,,,,"215-0013",,社会福祉法人　慈正会,,,,,https://www.city.kawasaki.jp/350/page/0000022249.html,,,併設特別養護老人ホーム;老人デイサービスセンター
141305,1.41305E+11,神奈川県川崎市,新百合地域包括支援センター,シンユリガオカチイキホウカツシエンセンター,,地域包括支援センター,141372,,神奈川県川崎市麻生区上麻生3-14-20つくしの里内,神奈川県,川崎市,麻生区上麻生,,,35.598698,139.50198,,,(044)969-3388,,(044)969-0200,,,,"215-0021",,医療法人　れいめい会,,,,,https://www.city.kawasaki.jp/350/page/0000022241.html,,,併設介護老人保健施設
141305,1.41305E+11,神奈川県川崎市,片平地域包括支援センター,カタヒラチイキホウカツシエンセンター,,地域包括支援センター,141372,,神奈川県川崎市麻生区白鳥1-9-20,神奈川県,川崎市,麻生区白鳥,,,35.600361,139.48873,,,(044)986-4986,,(044)380-7970,,,,215-0024,,社会福祉法人　一廣会,,,,,https://www.city.kawasaki.jp/350/page/0000022236.html,,,
141305,1.41305E+11,神奈川県川崎市,栗木台地域包括支援センター,クリキダイチイキホウカツシエンセンター,,地域包括支援センター,141372,,神奈川県川崎市麻生区栗平2-1-6小田急マルシェ栗平1F,神奈川県,川崎市,麻生区栗平,,,35.60639,139.480886,,,(044)987-6505,,(044)380-7970,,,,"215-0031",,社会福祉法人　一廣会,,,,,https://www.city.kawasaki.jp/350/page/0000022234.html,,, 
141305,1.41305E+11,神奈川県川崎市,高石地域包括支援センター,タカイシチイキホウカツシエンセンター,,地域包括支援センター,141372,,神奈川県川崎市麻生区千代ヶ丘1-2-9,神奈川県,川崎市,麻生区千代ヶ丘,,,35.611816,139.509849,,,(044)959-6020,,(044)959-6021,,,,"215-0005",,社会福祉法人　一廣会,,,,,https://www.city.kawasaki.jp/350/page/0000021790.html,,,
141305,1.41305E+11,神奈川県川崎市,境町フェニックス,サカイチョウフェニックス,,特別養護老人ホーム,141313,,神奈川県川崎市川崎区境町11-9,神奈川県,川崎市,川崎区境町,,,35.524386,139.709488,,,(044)222-3800,,(044)222-3900,,,,"210-0838",,社会福祉法人　同塵会,,,,120,,,,
141305,1.41305E+11,神奈川県川崎市,ゆとりあ,ユトリア,,特別養護老人ホーム,141313,,神奈川県川崎市川崎区殿町1-11-10,神奈川県,川崎市,川崎区殿町,,,35.540145,139.743692,,,"(044)277-1165",,(044)277-1164,,,,"210-0821",,社会福祉法人　川崎大師福祉会,,,,108,,,,
141305,1.41305E+11,神奈川県川崎市,大師の里,ダイシノサト,,特別養護老人ホーム,141313,,"神奈川県川崎市川崎区日ノ出2-7-1",神奈川県,川崎市,川崎区日ノ出,,,35.530372,139.742972,,,"(044)266-1191",,(044)266-1198,,,,210-0824　,,社会福祉法人　馬島福祉会,,,,50,,,,
141305,1.41305E+11,神奈川県川崎市,しおん,シオン,,特別養護老人ホーム,141313,,"神奈川県川崎市川崎区本町1-1-1",神奈川県,川崎市,川崎区本町,,,35.533211,139.701746,,,(044)222-7761,,(044)222-7796,,,,"210-0001",,社会福祉法人　ハートフル記念会,,,,48,,,,
141305,1.41305E+11,神奈川県川崎市,ビオラ川崎,ビオラカワサキ,,特別養護老人ホーム,141313,,"神奈川県川崎市川崎区小田栄2-1-7",神奈川県,川崎市,川崎区小田栄,,,35.51238,139.709809,,,(044)333-0001,,(044)333-0036,,,,"210-0843",,社会福祉法人　中川徳生会,,,,150,,,,
141305,1.41305E+11,神奈川県川崎市,桜寿園,サクラコトブキエン,,特別養護老人ホーム,141313,,"神奈川県川崎市川崎区桜本2-39-4",神奈川県,川崎市,川崎区桜本,,,35.521059,139.726555,,,(044)287-2566,,(044)287-2577,,,,210-0833　,,社会福祉法人セイワ,,,,78,,,,
141305,1.41305E+11,神奈川県川崎市,恒春園,コウシュンエン,,特別養護老人ホーム,141313,,"神奈川県川崎市川崎区小川町10-10",神奈川県,川崎市,川崎区小川町,,,35.526494,139.696395,,,(044)211-1177,,(044)211-8922,,,,210-0023　,,社会福祉法人　馬島福祉会,,,,60,,,,
141305,1.41305E+11,神奈川県川崎市,川崎ラシクル,カワサキラシクル,,特別養護老人ホーム,141313,,神奈川県川崎市川崎区日進町5-1,神奈川県,川崎市,川崎区日進町,,,35.525945,139.692886,,,(044)589-3880,,(044)589-3890,,,,210-0024,,社会福祉法人　三篠会,,,,100,,,,
141305,1.41305E+11,神奈川県川崎市,しゃんぐりら,シャングリラ,,特別養護老人ホーム,141321,,"神奈川県川崎市幸区東小倉6-1",神奈川県,川崎市,幸区東小倉,,,35.546586,139.676608,,,(044)520-3860,,(044)520-3861,,,,212-0054　,,社会福祉法人　ハートフル記念会,,,,220,,,,
141305,1.41305E+11,神奈川県川崎市,南さいわい,ミナミサイワイ,,特別養護老人ホーム,141321,,神奈川県川崎市川崎市幸区南幸町3-149-3　,神奈川県,川崎市,川崎市幸区南幸町,,,35.534926,139.686869,,,(044)542-3695,,(044)555-6233,,,,212-0016　,,社会福祉法人　三篠会,,,,142,,,,
141305,1.41305E+11,神奈川県川崎市,クロスハート幸・川崎,クロスハートサイワイカワサキ,,特別養護老人ホーム,141321,,神奈川県川崎市川崎市幸区河原町1-37　,神奈川県,川崎市,川崎市幸区河原町,,,35.539621,139.692959,,,(044)533-9400,,(044)533-9401,,,,212-0007　,,社会福祉法人　伸こう福祉会,,,,140,,,,
141305,1.41305E+11,神奈川県川崎市,こむかい,コムカイ,,特別養護老人ホーム,141321,,神奈川県川崎市川崎市幸区小向仲野町1-3　,神奈川県,川崎市,川崎市幸区小向仲野町,,,35.550224,139.694078,,,(044)540-0170,,(044)540-0177,,,,212-0002　,,社会福祉法人　三篠会,,,,29,,,,
141305,1.41305E+11,神奈川県川崎市,幸風苑,コウカゼソノ,,特別養護老人ホーム,141321,,"神奈川県川崎市幸区都町64-1",神奈川県,川崎市,幸区都町,,,35.536577,139.687242,,,(044)511-3141,,(044)511-3145,,,,212-0021　,,社会福祉法人　セイワ,,,,60,,,,
141305,1.41305E+11,神奈川県川崎市,みんなと暮らす町,ミンナトクラスマチ,,特別養護老人ホーム,141321,,神奈川県川崎市幸区東古市場116-12,神奈川県,川崎市,幸区東古市場,,,35.551503,139.688335,,,(044)520-1901,,(044)520-1906,,,,"212-0051",,社会福祉法人　照陽会,,,,120,,,,
141305,1.41305E+11,神奈川県川崎市,夢見ケ崎,ユメミガサキ,,特別養護老人ホーム,141321,,"神奈川県川崎市幸区南加瀬1-7-14",神奈川県,川崎市,幸区南加瀬,,,35.546889,139.667784,,,(044)587-1651,,(044)587-1653,,,,212-0055　,,社会福祉法人　和楽会,,,,74,,,,
141305,1.41305E+11,神奈川県川崎市,いせうら,イセウラ,,特別養護老人ホーム,141330,,"神奈川県川崎市中原区上平間1251-2",神奈川県,川崎市,中原区上平間,,,35.556724,139.679211,,,(044)540-3135,,(044)540-3137,,,,"211-0013",,社会福祉法人　春日会,,,,28,,,,
141305,1.41305E+11,神奈川県川崎市,ひらまの里,ヒラマノサト,,特別養護老人ホーム,141330,,"神奈川県川崎市中原区上平間611-1",神奈川県,川崎市,中原区上平間,,,35.556856,139.681387,,,"(044)544-3994",,(044)544-3961,,,,211-0013　,,社会福祉法人　川崎市社会福祉事業団,,,,90,,,,
141305,1.41305E+11,神奈川県川崎市,すみよし,スミヨシ,,特別養護老人ホーム,141330,,神奈川県川崎市中原区木月祗園町2-1,神奈川県,川崎市,中原区木月祗園町,,,35.569017,139.648555,,,(044)455-0880,,(044)455-0883,,,,211-0033　,,社会福祉法人　セイワ,,,,84,,,,
141305,1.41305E+11,神奈川県川崎市,みやうち,ミヤウチ,,特別養護老人ホーム,141330,,"神奈川県川崎市中原区宮内1-25-1",神奈川県,川崎市,中原区宮内,,,35.594421,139.64107,,,(044)740-2810,,(044)740-2816,,,,"211-0051",,社会福祉法人　セイワ,,,,120,,,,
141305,1.41305E+11,神奈川県川崎市,等々力,トドロキ,,特別養護老人ホーム,141330,,"神奈川県川崎市中原区宮内4-19-26",神奈川県,川崎市,中原区宮内,,,35.588072,139.645318,,,(044)753-2260,,(044)753-2261,,,,"211-0051",,社会福祉法人　春日会,,,,124,,,,
141305,1.41305E+11,神奈川県川崎市,桜の丘,サクラノオカ,,特別養護老人ホーム,141330,,神奈川県川崎市中原区井田3-16-1,神奈川県,川崎市,中原区井田,,,35.563192,139.635323,,,(044)948-6350,,(044)948-6351,,,,211-0035,,社会福祉法人　白山福祉会,,,,132,,,,
141305,1.41305E+11,神奈川県川崎市,せせらぎ,セセラギ,,特別養護老人ホーム,141330,,神奈川県川崎市中原区下小田中6-30-32,神奈川県,川崎市,中原区下小田中,,,35.569408,139.638974,,,(044)752-7755,,(044)752-7754,,,, 211-0041,,社会福祉法人　春日会,,,,29,,,,
141305,1.41305E+11,神奈川県川崎市,ヴィラージュ中原,ヴィラージュナカハラ,,特別養護老人ホーム,141330,,神奈川県川崎市中原区上小田中1-28-55,神奈川県,川崎市,中原区上小田中,,,35.59184,139.630723,,,(044)789-9188,,(044)789-9163,,,,211-0053,,社会福祉法人　美生会,,,,52,,,,
141305,1.41305E+11,神奈川県川崎市,すえなが　特別養護老人ホーム,スエナガ,,特別養護老人ホーム,141348,,"神奈川県川崎市高津区末長276-3",神奈川県,川崎市,高津区末長,,,35.595318,139.60921,,,(044)861-5318,,(044)861-6194,,,,"213-0013",,社会福祉法人　セイワ,,,,104,,,,
141305,1.41305E+11,神奈川県川崎市,和楽館,ワラクカン,,特別養護老人ホーム,141348,,"神奈川県川崎市高津区千年141-2",神奈川県,川崎市,高津区千年,,,35.574413,139.621165,,,(044)766-7660,,(044)766-4980,,,,"213-0022",,社会福祉法人　和楽会,,,,60,,,,
141305,1.41305E+11,神奈川県川崎市,陽だまりの園,ヒダマリノエン,,特別養護老人ホーム,141348,,神奈川県川崎市高津区諏訪2-10-15,神奈川県,川崎市,高津区諏訪,,,35.603384,139.628246,,,(044)814-5635,,(044)814-5636,,,,"213-0004",,社会福祉法人　照陽会,,,,50,,,,
141305,1.41305E+11,神奈川県川崎市,おだかの郷　,オダカノサト,,特別養護老人ホーム,141348,,神奈川県川崎市高津区末長2-20-20,神奈川県,川崎市,高津区末長,,,35.58833,139.612526,,,(044)982-1110,,(044)982-1620,,,,213-0013,,社会福祉法人　高津百春会,,,,108,,,,
141305,1.41305E+11,神奈川県川崎市,新緑の郷,シンリョクノサト,,特別養護老人ホーム,141348,,神奈川県川崎市高津区久末473-14,神奈川県,川崎市,高津区久末,,,35.562164,139.617512,,,(044)948-7025,,(044)948-7023,,,,213-0026,,社会福祉法人　緑成会,,,,128,,,,
141305,1.41305E+11,神奈川県川崎市,高津山桜の森,タカツヤマザクラノモリ,,特別養護老人ホーム,141348,,神奈川県川崎市高津区久末1510-10,神奈川県,川崎市,高津区久末,,,35.562924,139.622589,,,(044)948-5721,,(044)948-5722,,,,213-0026,,社会福祉法人　秀峰会,,,,110,,,,
141305,1.41305E+11,神奈川県川崎市,蟹ヶ谷,カニガヤ,,特別養護老人ホーム,141348,,神奈川県川崎市高津区蟹ヶ谷265-1,神奈川県,川崎市,高津区蟹ヶ谷,,,35.566516,139.631529,,,(044)948-4972,,(044)948-4973,,,,213-0025,,社会福祉法人　白山福祉会,,,,150,,,,
141305,1.41305E+11,神奈川県川崎市,みかど荘,ミカドソウ,,特別養護老人ホーム,141364,,"神奈川県川崎市宮前区野川1413",神奈川県,川崎市,宮前区野川,,,35.570714,139.610467,,,(044)766-0511,,(044)777-1193,,,,"216-0001",,社会福祉法人　くぬぎざか福祉会,,,,70,,,,
141305,1.41305E+11,神奈川県川崎市,わらく桃の丘,ワラクモモノオカ,,特別養護老人ホーム,141364,,神奈川県川崎市宮前区野川515,神奈川県,川崎市,宮前区野川,,,35.575508,139.619076,,,(044)777-8910,,(044)777-8911,,,,"216-0001",,社会福祉法人　和楽会,,,,94,,,,
141305,1.41305E+11,神奈川県川崎市,鷲ヶ峯,ワシガミネ,,特別養護老人ホーム,141364,,"神奈川県川崎市宮前区菅生ヶ丘13-1",神奈川県,川崎市,宮前区菅生ヶ丘,,,35.597076,139.545411,,,(044)978-2721,,(044)976-6470,,,,"216-0014",,社会福祉法人　セイワ,,,,72,,,,
141305,1.41305E+11,神奈川県川崎市,フレンド神木,フレンドシボク,,特別養護老人ホーム,141364,,神奈川県川崎市宮前区神木本町5-12-15,神奈川県,川崎市,宮前区神木本町,,,35.599607,139.580538,,,(044)871-2010,,(044)871-2011,,,,216-0031,,社会福祉法人　三神会,,,,110,,,,
141305,1.41305E+11,神奈川県川崎市,風光,カゼヒカリ,,特別養護老人ホーム,141364,,"神奈川県川崎市宮前区野川3134-5",神奈川県,川崎市,宮前区野川,,,35.574944,139.60414,,,(044)754-1751,,(044)754-1761,,,,"216-0001",,社会福祉法人　寿楽園,,,,23,,,,
141305,1.41305E+11,神奈川県川崎市,富士見プラザ,フジミプラザ,,特別養護老人ホーム,141364,,"神奈川県川崎市宮前区野川2911",神奈川県,川崎市,宮前区野川,,,35.572177,139.59901,,,(044)751-2252,,(044)753-6087,,,,"216-0001",,社会福祉法人　子の神福祉会,,,,70,,,,
141305,1.41305E+11,神奈川県川崎市,富士見プラザ　フォンテーヌ鷺沼,フジミプラザサギヌマ,,特別養護老人ホーム,141364,,"神奈川県川崎市宮前区土橋3-1-6",神奈川県,川崎市,宮前区土橋,,,35.581115,139.573798,,,(044)863-3411,,(044)863-3410,,,,"216-0005",,社会福祉法人　子の神福祉会,,,,29,,,,
141305,1.41305E+11,神奈川県川崎市,フレンド神木二番館,フレンドシボクニバンカン,,特別養護老人ホーム,141364,,神奈川県川崎市宮前区神木本町2-15-2,神奈川県,川崎市,宮前区神木本町,,,35.601916,139.583435,,,(044)948-6677,,(044)948-8834,,,,216-0031,,社会福祉法人　三神会,,,,29,,,,
141305,1.41305E+11,神奈川県川崎市,プラチナ・ヴィラ野川,プラチナヴィラノガワ,,特別養護老人ホーム,141364,,神奈川県川崎市宮前区南野川3-23-2,神奈川県,川崎市,宮前区南野川,,,35.569324,139.61203,,,(044)753-5525,,(044)753-5526,,,,216-0042,,社会福祉法人　白金会,,,,107,,,,
141305,1.41305E+11,神奈川県川崎市,太陽の園,タイヨウノエン,,特別養護老人ホーム,141356,,"神奈川県川崎市多摩区栗谷2-16-6",神奈川県,川崎市,多摩区栗谷,,,35.607508,139.534414,,,(044)955-9181,,(044)955-9220,,,,"214-0039",,社会福祉法人　照陽会,,,,69,,,,
141305,1.41305E+11,神奈川県川崎市,生田広場,イクタヒロバ,,特別養護老人ホーム,141356,,神奈川県川崎市多摩区西生田5-24-2,神奈川県,川崎市,多摩区西生田,,,35.605559,139.525825,,,(044)967-0881,,(044)966-8810,,,,"214-0037",,社会福祉法人　よつば会,,,,92,,,,
141305,1.41305E+11,神奈川県川崎市,菅の里,スゲノサト,,特別養護老人ホーム,141356,,神奈川県川崎市多摩区菅北浦3-10-20,神奈川県,川崎市,多摩区菅北浦,,,35.631482,139.532324,,,"(044)946-3400",,(044)946-3455,,,,"214-0008",,社会福祉法人　徳心会,,,,80,,,,
141305,1.41305E+11,神奈川県川崎市,多摩川の里,タマガワノサト,,特別養護老人ホーム,141356,,"神奈川県川崎市多摩区中野島6-13-5",神奈川県,川崎市,多摩区中野島,,,35.632287,139.551769,,,(044)935-5200,,(044)935-3511,,,,"214-0012",,社会福祉法人　川崎市社会福祉事業団,,,,90,,,,
141305,1.41305E+11,神奈川県川崎市,しゅくがわら三清荘,シュクガワラサンセイソウ,,特別養護老人ホーム,141356,,神奈川県川崎市多摩区宿河原6-20-19,神奈川県,川崎市,多摩区宿河原,,,35.611266,139.585084,,,(044)935-2690,,(044)935-2692,,,,"214-0021",,社会福祉法人　経山会,,,,68,,,,
141305,1.41305E+11,神奈川県川崎市,よみうりランド花ハウス,ヨミウリランドハナハウス,,特別養護老人ホーム,141356,,"神奈川県川崎市多摩区菅仙谷4-1-4",神奈川県,川崎市,多摩区菅仙谷,,,35.621783,139.519856,,,(044)969-3111,,(044)969-3112,,,,"214-0006",,社会福祉法人　読売光と愛の事業団,,,,150,,,,
141305,1.41305E+11,神奈川県川崎市,花ハウスすみれ館,ハナハウススミレカン,,特別養護老人ホーム,141356,,神奈川県川崎市多摩区菅馬場3-21-1,神奈川県,川崎市,多摩区菅馬場,,,35.623953,139.532577,,,(044)543-9011,,(044)543-9022,,,,214-0004,,社会福祉法人　読売光と愛の事業団,,,,29,,,,
141305,1.41305E+11,神奈川県川崎市,ヴィラージュ川崎,ヴィラージュカワサキ,,特別養護老人ホーム,141356,,神奈川県川崎市多摩区宿河原1-18-1,神奈川県,川崎市,多摩区宿河原,,,35.617952,139.577656,,,(044)930-5552,,(044)930-5558,,,,214-0021,,社会福祉法人　美生会,,,,86,,,,
141305,1.41305E+11,神奈川県川崎市,生田まほろば,イクタマホロバ,,特別養護老人ホーム,141356,,神奈川県川崎市多摩区生田1-4-17,神奈川県,川崎市,多摩区生田,,,35.626168,139.541717,,,(044)945-6000,,(044)945-6020,,,,214-0038,,社会福祉法人　みずほ,,,,130,,,,
141305,1.41305E+11,神奈川県川崎市,虹の里,ニジノサト,,特別養護老人ホーム,141372,,"神奈川県川崎市麻生区王禅寺963-26",神奈川県,川崎市,麻生区王禅寺,,,35.583953,139.523277,,,(044)986-1007,,(044)986-1027,,,,"215-0013",,社会福祉法人　慈正会,,,,108,,,,
141305,1.41305E+11,神奈川県川崎市,柿生アルナ園,カキオアルナエン,,特別養護老人ホーム,141372,,神奈川県川崎市麻生区上麻生5-19-10,神奈川県,川崎市,麻生区上麻生,,,35.590883,139.501082,,,"(044)987-0021",,(044)989-1440,,,,"215-0021",,社会福祉法人　鈴保福祉会,,,,80,,,,
141305,1.41305E+11,神奈川県川崎市,潮見台みどりの丘,シオミダイミドリノオカ,,特別養護老人ホーム,141372,,神奈川県川崎市麻生区王禅寺1241-38,神奈川県,川崎市,麻生区王禅寺,,,35.591808,139.525768,,,(044)955-1746,,(044)955-1746,,,,"215-0013",,社会福祉法人　藤英会,,,,120,,,,
141305,1.41305E+11,神奈川県川崎市,金井原苑,カナイバラエン,,特別養護老人ホーム,141372,,"神奈川県川崎市麻生区片平1430",神奈川県,川崎市,麻生区片平,,,35.602373,139.479564,,,(044)986-1560,,(044)986-4654,,,,"215-0023",,社会福祉法人　一廣会,,,,98,,,,
141305,1.41305E+11,神奈川県川崎市,あさおの丘,アサオノオカ,,特別養護老人ホーム,141372,,神奈川県川崎市麻生区栗木台1-12-1,神奈川県,川崎市,麻生区栗木台,,,35.607719,139.476609,,,(044)988-5010,,(044)988-7749,,,,215-0032,,社会福祉法人　ハートフル記念会,,,,71,,,,
141305,1.41305E+11,神奈川県川崎市,片平壮寿の里,カタヒラチョウジュノサト,,特別養護老人ホーム,141372,,神奈川県川崎市麻生区片平1829,神奈川県,川崎市,麻生区片平,,,35.595145,139.484722,,,(044)455-4188,,(044)455-4190,,,,215-0023,,社会福祉法人　川崎市社会福祉事業団,,,,130,,,,
141305,1.41305E+11,神奈川県川崎市,ラスール麻生,ラスールアサオ,,特別養護老人ホーム,141372,,神奈川県川崎市麻生区白山1-1-1,神奈川県,川崎市,麻生区白山,,,35.590799,139.514546,,,(044)712-7722,,(044)712-7602,,,,215-0014,,社会福祉法人　白山福祉会,,,,132,,,,
141305,1.41305E+11,神奈川県川崎市,ヴィラージュ虹ヶ丘,ヴィラージュニジガオカ,,特別養護老人ホーム,141372,,神奈川県川崎市麻生区虹ヶ丘1-22-1-2,神奈川県,川崎市,麻生区虹ヶ丘,,,35.579684,139.520493,,,(044)712-5511,,(044)986-5516,,,,215-0015,,社会福祉法人　美生会,,,,29,,,,
141305,1.41305E+11,神奈川県川崎市,ルピナス王禅寺,ルピナスオウゼンジ,,特別養護老人ホーム,141372,,神奈川県川崎市麻生区王禅寺東3-2-36,神奈川県,川崎市,麻生区王禅寺東,,,35.588136,139.522659,,,(044)299-8886,,(044)299-8313,,,,215-0018,,社会福祉法人　清昭会,,,,100,,,,
141305,1.41305E+11,神奈川県川崎市,レジデンシャル百合ヶ丘,レジデンシャルユリガオカ,,特別養護老人ホーム,141372,,神奈川県川崎市麻生区東百合丘1-12-35,神奈川県,川崎市,麻生区東百合丘,,,35.601826,139.525364,,,(044)455-7150,,(044)455-7153,,,,215-0012,,社会福祉法人　育明会,,,,94,,,,
141305,1.41305E+11,神奈川県川崎市,まごころタウン*新百合ヶ丘,マゴコロタウンシンユリガオカ,,特別養護老人ホーム,141372,,神奈川県川崎市麻生区百合丘3-15-1,神奈川県,川崎市,麻生区百合丘,,,35.599765,139.521283,,,(044)281-4348,,(044)281-4388,,,,215-0011,,社会福祉法人　まごころ,,,,130,,,,
141305,1.41305E+11,神奈川県川崎市,かわさき老人福祉・地域交流センター,カワサキロウジンフクシチイキコウリュウセンター,,老人福祉センター（いきいきセンター）,141313,,神奈川県川崎市川崎区堤根34-15,神奈川県,川崎市,川崎区堤根,,,35.525456,139.692239,,,"(044)233-5592",,(044)221-5031,,,,"210-0026",,社会福祉法人 川崎市社会福祉協議会,,午前9時～午後4時,休館日:日曜日、国民の祝日・休日（敬老の日は除く）及び年末年始,,http://www.city.kawasaki.jp/350/page/0000022800.html,,,
141305,1.41305E+11,神奈川県川崎市,さいわい健康福祉プラザ,サイワイケンコウフクシプラザ,,老人福祉センター（いきいきセンター）,141321,,神奈川県川崎市幸区戸手本町1-11-5,神奈川県,川崎市,幸区戸手本町,,,35.543687,139.68682,,,"(044)541-8000",,(044)533-8703,,,,212-0023,,社会福祉法人 川崎市社会福祉協議会,,午前9時～午後4時,休館日:日曜日、国民の祝日・休日（敬老の日は除く）及び年末年始,,http://www.city.kawasaki.jp/350/page/0000022892.html,,,
141305,1.41305E+11,神奈川県川崎市,中原老人福祉センター,ナカハラロウジンフクシセンター,,老人福祉センター（いきいきセンター）,141330,,"神奈川県川崎市中原区井田3-16-2",神奈川県,川崎市,中原区井田,,,35.563375,139.636943,,,"(044)777-6000",,(044)777-2833,,,,"211-0035",,社会福祉法人　川崎市社会福祉協議会,,午前9時～午後4時,休館日:日曜日、国民の祝日・休日（敬老の日は除く）及び年末年始,,http://www.city.kawasaki.jp/350/page/0000022945.html,,,
141305,1.41305E+11,神奈川県川崎市,高津老人福祉・地域交流センター,タカツロウジンフクシチイキコウリュウセンター,,老人福祉センター（いきいきセンター）,141348,,神奈川県川崎市高津区末長3-24-4,神奈川県,川崎市,高津区末長,,,35.588374,139.617971,,,"(044)853-1722",,(044)853-1729,,,,"213-0013",,社会福祉法人 川崎市社会福祉協議会,,午前9時～午後4時,休館日:日曜日、国民の祝日・休日（敬老の日は除く）及び年末年始,,http://www.city.kawasaki.jp/350/page/0000022424.html,,,
141305,1.41305E+11,神奈川県川崎市,宮前老人福祉センター,ミヤマエロウジンフクシセンター,,老人福祉センター（いきいきセンター）,141364,,神奈川県川崎市宮前区宮崎2-12-29,神奈川県,川崎市,宮前区宮崎,,,35.586539,139.5913,,,"(044)877-9030",,(044)877-9232,,,,"216-0033",,社会福祉法人 川崎市社会福祉協議会,,午前9時～午後4時,休館日:日曜日、国民の祝日・休日（敬老の日は除く）及び年末年始,,http://www.city.kawasaki.jp/350/page/0000025291.html,,,
141305,1.41305E+11,神奈川県川崎市,多摩老人福祉センター,タマロウジンフクシセンター,,老人福祉センター（いきいきセンター）,141356,,神奈川県川崎市多摩区中野島5-2-30,神奈川県,川崎市,多摩区中野島,,,35.630191,139.561221,,,"(044)935-2941",,(044)933-5024,,,,"214-0012",,社会福祉法人 川崎市社会福祉協議会,,午前9時～午後4時,休館日:日曜日、国民の祝日・休日（敬老の日は除く）及び年末年始,,http://www.city.kawasaki.jp/350/page/0000025544.html,,,
141305,1.41305E+11,神奈川県川崎市,麻生老人福祉センター,アサオロウジンフクシセンター,,老人福祉センター（いきいきセンター）,141372,,神奈川県川崎市麻生区金程2-8-3,神奈川県,川崎市,麻生区金程,,,35.610892,139.498996,,,(044)966-1549,,(044)966-8956,,,,"215-0006",,社会福祉法人 川崎市社会福祉協議会,,午前9時～午後4時,休館日:日曜日、国民の祝日・休日（敬老の日は除く）及び年末年始,,http://www.city.kawasaki.jp/350/page/0000025636.html,,,
141305,1.41305E+11,神奈川県川崎市,桜本いこいの家,サクラモトイコイノイエ,,老人いこいの家（いこいの家）,141313,,神奈川県川崎市川崎区桜本2-5-2,神奈川県,川崎市,川崎区桜本,,,35.521503,139.722831,,,(044)277‐5125,,,,,,210-0833,,社会福祉法人 川崎市社会福祉協議会,,午前9時～午後4時,休館日:日曜日、国民の祝日・休日（敬老の日は除く）及び年末年始,,https://www.city.kawasaki.jp/350/page/0000022878.html,,,
141305,1.41305E+11,神奈川県川崎市,渡田いこいの家,ワタリダイコイノイエ,,老人いこいの家（いこいの家）,141313,,神奈川県川崎市川崎区渡田4-12-20,神奈川県,川崎市,川崎区渡田,,,35.517047,139.705219,,,(044)366‐4075,,,,,,210-0837,,社会福祉法人 川崎市社会福祉協議会,,午前9時～午後4時,休館日:日曜日、国民の祝日・休日（敬老の日は除く）及び年末年始,,https://www.city.kawasaki.jp/350/page/0000022867.html,,,
141305,1.41305E+11,神奈川県川崎市,小田いこいの家,オダイコイノイエ,,老人いこいの家（いこいの家）,141313,,神奈川県川崎市川崎区小田2-16-9,神奈川県,川崎市,川崎区小田,,,35.514364,139.701844,,,(044)344-3387,,,,,,210-0846,,社会福祉法人 川崎市社会福祉協議会,,午前9時～午後4時,休館日:日曜日、国民の祝日・休日（敬老の日は除く）及び年末年始,,https://www.city.kawasaki.jp/350/page/0000022861.html,,,
141305,1.41305E+11,神奈川県川崎市,藤崎いこいの家,フジサキイコイノイエ,,老人いこいの家（いこいの家）,141313,,神奈川県川崎市川崎区藤崎4-17-6,神奈川県,川崎市,川崎区藤崎,,,35.525012,139.721672,,,(044)222‐7773,,,,,,210-0804,,社会福祉法人 川崎市社会福祉協議会,,午前9時～午後4時,休館日:日曜日、国民の祝日・休日（敬老の日は除く）及び年末年始,,https://www.city.kawasaki.jp/350/page/0000022850.html,,,
141305,1.41305E+11,神奈川県川崎市,大師いこいの家,ダイシイコイノイエ,,老人いこいの家（いこいの家）,141313,,神奈川県川崎市川崎区大師公園1-4,神奈川県,川崎市,川崎区大師公園,,,35.532512,139.733493,,,(044)277‐7979,,,,,,210-0815,,社会福祉法人 川崎市社会福祉協議会,,午前9時～午後4時,休館日:日曜日、国民の祝日・休日（敬老の日は除く）及び年末年始,,https://www.city.kawasaki.jp/350/page/0000022808.html,,,
141305,1.41305E+11,神奈川県川崎市,殿町いこいの家,トノマチイコイノイエ,,老人いこいの家（いこいの家）,141313,,神奈川県川崎市川崎区殿町1-20-15,神奈川県,川崎市,川崎区殿町,,,35.538745,139.745854,,,(044)287‐9108,,,,,,210-0821,,社会福祉法人 川崎市社会福祉協議会,,午前9時～午後4時,休館日:日曜日、国民の祝日・休日（敬老の日は除く）及び年末年始,,https://www.city.kawasaki.jp/350/page/0000022822.html,,,
141305,1.41305E+11,神奈川県川崎市,京町いこいの家,キョウマチイコイノイエ,,老人いこいの家（いこいの家）,141313,,"神奈川県川崎市川崎区京町3-12-2",神奈川県,川崎市,川崎区京町,,,35.510601,139.697721,,,(044)344-0184,,,,,,210-0848,,社会福祉法人 川崎市社会福祉協議会,,午前9時～午後4時,休館日:日曜日、国民の祝日・休日（敬老の日は除く）及び年末年始,,https://www.city.kawasaki.jp/350/page/0000022831.html,,,
141305,1.41305E+11,神奈川県川崎市,大島いこいの家,オオシマイコイノイエ,,老人いこいの家（いこいの家）,141313,,"神奈川県川崎市川崎区大島1-9-6",神奈川県,川崎市,川崎区大島,,,35.526201,139.711431,,,(044)233‐8867,,,,,,210-0834,,社会福祉法人 川崎市社会福祉協議会,,午前9時～午後4時,休館日:日曜日、国民の祝日・休日（敬老の日は除く）及び年末年始,,https://www.city.kawasaki.jp/350/page/0000022837.html,,,
141305,1.41305E+11,神奈川県川崎市,田島いこいの家,タジマイコイノイエ,,老人いこいの家（いこいの家）,141313,,"神奈川県川崎市川崎区田島町20-23",神奈川県,川崎市,川崎区田島町,,,35.515702,139.7114,,,(044)366‐2811,,,,,,210-0853,,社会福祉法人 川崎市社会福祉協議会,,午前9時～午後4時,休館日:日曜日、国民の祝日・休日（敬老の日は除く）及び年末年始,,https://www.city.kawasaki.jp/350/page/0000022841.html,,,
141305,1.41305E+11,神奈川県川崎市,小倉いこいの家,オグライコイノイエ,,老人いこいの家（いこいの家）,141321,,"神奈川県川崎市幸区小倉5-32-5",神奈川県,川崎市,幸区小倉,,,35.537702,139.663937,,,(044)588‐9707,,,,,,212-0054,,社会福祉法人 川崎市社会福祉協議会,,午前9時～午後4時,休館日:日曜日、国民の祝日・休日（敬老の日は除く）及び年末年始,,https://www.city.kawasaki.jp/350/page/0000022911.html,,,
141305,1.41305E+11,神奈川県川崎市,古市場いこいの家,フルイチバイコイノイエ,,老人いこいの家（いこいの家）,141321,,"神奈川県川崎市幸区古市場1781-1",神奈川県,川崎市,幸区古市場,,,35.55136,139.683838,,,(044)555-3765,,,,,,212-0052,,社会福祉法人 川崎市社会福祉協議会,,午前9時～午後4時,休館日:日曜日、国民の祝日・休日（敬老の日は除く）及び年末年始,,https://www.city.kawasaki.jp/350/page/0000022904.html,,,
141305,1.41305E+11,神奈川県川崎市,下平間いこいの家,シモヒラマイコイノイエ,,老人いこいの家（いこいの家）,141321,,"神奈川県川崎市幸区下平間357-6",神奈川県,川崎市,幸区下平間,,,35.548107,139.685787,,,(044)544‐5757,,,,,,212-0053,,社会福祉法人 川崎市社会福祉協議会,,午前9時～午後4時,休館日:日曜日、国民の祝日・休日（敬老の日は除く）及び年末年始,,https://www.city.kawasaki.jp/350/page/0000022919.html,,,
141305,1.41305E+11,神奈川県川崎市,御幸いこいの家,ゴコウイコイノイエ,,老人いこいの家（いこいの家）,141321,,"神奈川県川崎市幸区紺屋町33-1",神奈川県,川崎市,幸区紺屋町,,,35.542671,139.689978,,,(044)522‐1516,,,,,,212-0026,,社会福祉法人 川崎市社会福祉協議会,,午前9時～午後4時,休館日:日曜日、国民の祝日・休日（敬老の日は除く）及び年末年始,,https://www.city.kawasaki.jp/350/page/0000022895.html,,,
141305,1.41305E+11,神奈川県川崎市,南河原いこいの家,ミナミガワライコイノイエ,,老人いこいの家（いこいの家）,141321,,神奈川県川崎市幸区南幸町1-11,神奈川県,川崎市,幸区南幸町,,,35.535204,139.690613,,,(044)541‐2137,,,,,,212-0016,,社会福祉法人 川崎市社会福祉協議会,,午前9時～午後4時,休館日:日曜日、国民の祝日・休日（敬老の日は除く）及び年末年始,,https://www.city.kawasaki.jp/350/page/0000022929.html,,,
141305,1.41305E+11,神奈川県川崎市,日吉いこいの家,ヒヨシイコイノイエ,,老人いこいの家（いこいの家）,141321,,"神奈川県川崎市幸区北加瀬1-39-5",神奈川県,川崎市,幸区北加瀬,,,35.54714,139.669125,,,(044)588‐7505,,,,,,212-0057,,社会福祉法人 川崎市社会福祉協議会,,午前9時～午後4時,休館日:日曜日、国民の祝日・休日（敬老の日は除く）及び年末年始,,https://www.city.kawasaki.jp/350/page/0000022935.html,,,
141305,1.41305E+11,神奈川県川崎市,西加瀬いこいの家,ニシカセイコイノイエ,,老人いこいの家（いこいの家）,141330,,"神奈川県川崎市中原区西加瀬10-5",神奈川県,川崎市,中原区西加瀬,,,35.561795,139.660613,,,(044)434‐6418,,,,,,211-0024,,社会福祉法人 川崎市社会福祉協議会,,午前9時～午後4時,休館日:日曜日、国民の祝日・休日（敬老の日は除く）及び年末年始,,https://www.city.kawasaki.jp/350/page/0000022967.html,,,
141305,1.41305E+11,神奈川県川崎市,丸子多摩川いこいの家,マルコタマガワイコイノイエ,,老人いこいの家（いこいの家）,141330,,"神奈川県川崎市中原区丸子通1-639-3",神奈川県,川崎市,中原区丸子通,,,35.582136,139.663281,,,(044)411‐0551,,,,,,211-0006,,社会福祉法人 川崎市社会福祉協議会,,午前9時～午後4時,休館日:日曜日、国民の祝日・休日（敬老の日は除く）及び年末年始,,https://www.city.kawasaki.jp/350/page/0000022952.html,,,
141305,1.41305E+11,神奈川県川崎市,新城いこいの家,シンジョウイコイノイエ,,老人いこいの家（いこいの家）,141330,,"神奈川県川崎市中原区下新城1-2-4",神奈川県,川崎市,中原区下新城,,,35.580265,139.63416,,,(044)754-0283,,,,,,211-0042,,社会福祉法人 川崎市社会福祉協議会,,午前9時～午後4時,休館日:日曜日、国民の祝日・休日（敬老の日は除く）及び年末年始,,https://www.city.kawasaki.jp/350/page/0000022972.html,,,
141305,1.41305E+11,神奈川県川崎市,ごうじいこいの家,ゴウジイコイノイエ,,老人いこいの家（いこいの家）,141330,,"神奈川県川崎市中原区上小田中7-6-18",神奈川県,川崎市,中原区上小田中,,,35.581293,139.648281,,,(044)733‐3608,,,,,,211-0053,,社会福祉法人 川崎市社会福祉協議会,,午前9時～午後4時,休館日:日曜日、国民の祝日・休日（敬老の日は除く）及び年末年始,,https://www.city.kawasaki.jp/350/page/0000022978.html,,,
141305,1.41305E+11,神奈川県川崎市,井田いこいの家,イダイコイノイエ,,老人いこいの家（いこいの家）,141330,,"神奈川県川崎市中原区井田三舞町14-16",神奈川県,川崎市,中原区井田三舞町,,,35.568761,139.647413,,,(044)798‐8806,,,,,,211-0037,,社会福祉法人 川崎市社会福祉協議会,,午前9時～午後4時,休館日:日曜日、国民の祝日・休日（敬老の日は除く）及び年末年始,,https://www.city.kawasaki.jp/350/page/0000022980.html,,,
141305,1.41305E+11,神奈川県川崎市,中丸子いこいの家,ナカマルコイコイノイエ,,老人いこいの家（いこいの家）,141330,,"神奈川県川崎市中原区中丸子378-4",神奈川県,川崎市,中原区中丸子,,,35.570226,139.667631,,,(044)433‐3866,,,,,,211-0012,,社会福祉法人 川崎市社会福祉協議会,,午前9時～午後4時,休館日:日曜日、国民の祝日・休日（敬老の日は除く）及び年末年始,,https://www.city.kawasaki.jp/350/page/0000022985.html,,,
141305,1.41305E+11,神奈川県川崎市,等々力いこいの家,トドロキイコイノイエ,,老人いこいの家（いこいの家）,141330,,"神奈川県川崎市中原区等々力1-1",神奈川県,川崎市,中原区等々力,,,35.584987,139.649052,,,(044)733‐3618,,,,,,211-0052,,社会福祉法人 川崎市社会福祉協議会,,午前9時～午後4時,休館日:日曜日、国民の祝日・休日（敬老の日は除く）及び年末年始,,https://www.city.kawasaki.jp/350/page/0000022963.html,,,
141305,1.41305E+11,神奈川県川崎市,くじいこいの家,クジイコイノイエ,,老人いこいの家（いこいの家）,141348,,"神奈川県川崎市高津区久地3-16-1",神奈川県,川崎市,高津区久地,,,35.608033,139.605684,,,(044)811-2234,,,,,,213-0032,,社会福祉法人 川崎市社会福祉協議会,,午前9時～午後4時,休館日:日曜日、国民の祝日・休日（敬老の日は除く）及び年末年始,,https://www.city.kawasaki.jp/350/page/0000023005.html,,,
141305,1.41305E+11,神奈川県川崎市,子母口いこいの家,シボグチイコイノイエ,,老人いこいの家（いこいの家）,141348,,神奈川県川崎市高津区子母口983,神奈川県,川崎市,高津区子母口,,,35.569764,139.627669,,,(044)755‐0147,,,,,,213-0023,,社会福祉法人 川崎市社会福祉協議会,,午前9時～午後4時,休館日:日曜日、国民の祝日・休日（敬老の日は除く）及び年末年始,,https://www.city.kawasaki.jp/350/page/0000022997.html,,,
141305,1.41305E+11,神奈川県川崎市,上作延いこいの家,カミサクノベイコイノイエ,,老人いこいの家（いこいの家）,141348,,神奈川県川崎市高津区上作延5-26-55,神奈川県,川崎市,高津区上作延,,,35.596177,139.600093,,,(044)865‐1633,,,,,,213-0034,,社会福祉法人 川崎市社会福祉協議会,,午前9時～午後4時,休館日:日曜日、国民の祝日・休日（敬老の日は除く）及び年末年始,,https://www.city.kawasaki.jp/350/page/0000023014.html,,,
141305,1.41305E+11,神奈川県川崎市,高津いこいの家,タカツイコイノイエ,,老人いこいの家（いこいの家）,141348,,"神奈川県川崎市高津区久本3-6-22",神奈川県,川崎市,高津区久本,,,35.598816,139.617974,,,(044)811-5120,,,,,,213-0011,,社会福祉法人 川崎市社会福祉協議会,,午前9時～午後4時,休館日:日曜日、国民の祝日・休日（敬老の日は除く）及び年末年始,,https://www.city.kawasaki.jp/350/page/0000023020.html,,,
141305,1.41305E+11,神奈川県川崎市,梶ヶ谷いこいの家,カジガヤイコイノイエ,,老人いこいの家（いこいの家）,141348,,"神奈川県川崎市高津区梶ヶ谷5-8-27",神奈川県,川崎市,高津区梶ヶ谷,,,35.582831,139.606382,,,(044)853‐5185,,,,,,213-0015,,社会福祉法人 川崎市社会福祉協議会,,午前9時～午後4時,休館日:日曜日、国民の祝日・休日（敬老の日は除く）及び年末年始,,https://www.city.kawasaki.jp/350/page/0000023024.html,,,
141305,1.41305E+11,神奈川県川崎市,末長いこいの家,スエナガイコイノイエ,,老人いこいの家（いこいの家）,141348,,"神奈川県川崎市高津区末長2-27-2",神奈川県,川崎市,高津区末長,,,35.588758,139.611473,,,(044)866‐0749,,,,,,213-0013,,社会福祉法人 川崎市社会福祉協議会,,午前9時～午後4時,休館日:日曜日、国民の祝日・休日（敬老の日は除く）及び年末年始,,https://www.city.kawasaki.jp/350/page/0000023029.html,,,
141305,1.41305E+11,神奈川県川崎市,東高津いこいの家,ヒガシタカツイコイノイエ,,老人いこいの家（いこいの家）,141348,,"神奈川県川崎市高津区下野毛1-3-2",神奈川県,川崎市,高津区下野毛,,,35.597407,139.636642,,,(044)813‐1886,,,,,,213-0006,,社会福祉法人 川崎市社会福祉協議会,,午前9時～午後4時,休館日:日曜日、国民の祝日・休日（敬老の日は除く）及び年末年始,,https://www.city.kawasaki.jp/350/page/0000023036.html,,,
141305,1.41305E+11,神奈川県川崎市,白幡台いこいの家,シラハタダイイコイノイエ,,老人いこいの家（いこいの家）,141364,,"神奈川県川崎市宮前区白幡台1-13-1",神奈川県,川崎市,宮前区白幡台,,,35.597804,139.567948,,,(044)976‐0786,,,,,,216-0025,,社会福祉法人 川崎市社会福祉協議会,,午前9時～午後4時,休館日:日曜日、国民の祝日・休日（敬老の日は除く）及び年末年始,,https://www.city.kawasaki.jp/350/page/0000025434.html,,,
141305,1.41305E+11,神奈川県川崎市,有馬いこいの家,アリマイコイノイエ,,老人いこいの家（いこいの家）,141364,,"神奈川県川崎市宮前区有馬4-5-2",神奈川県,川崎市,宮前区有馬,,,35.576847,139.583029,,,(044)855-2177,,,,,,216-0003,,社会福祉法人 川崎市社会福祉協議会,,午前9時～午後4時,休館日:日曜日、国民の祝日・休日（敬老の日は除く）及び年末年始,,https://www.city.kawasaki.jp/350/page/0000025519.html,,,
141305,1.41305E+11,神奈川県川崎市,野川いこいの家,ノガワイコイノイエ,,老人いこいの家（いこいの家）,141364,,"神奈川県川崎市宮前区野川台1-25-23",神奈川県,川崎市,宮前区野川台,,,35.573585,139.602523,,,(044)788‐2271,,,,,,216-0043,,社会福祉法人 川崎市社会福祉協議会,,午前9時～午後4時,休館日:日曜日、国民の祝日・休日（敬老の日は除く）及び年末年始,,https://www.city.kawasaki.jp/350/page/0000025509.html,,,
141305,1.41305E+11,神奈川県川崎市,鷲ヶ峰いこいの家,ワシガミネイコイノイエ,,老人いこいの家（いこいの家）,141364,,"神奈川県川崎市宮前区菅生ヶ丘32-10",神奈川県,川崎市,宮前区菅生ヶ丘,,,35.596739,139.538015,,,(044)976‐6418,,,,,,216-0014,,社会福祉法人 川崎市社会福祉協議会,,午前9時～午後4時,休館日:日曜日、国民の祝日・休日（敬老の日は除く）及び年末年始,,https://www.city.kawasaki.jp/350/page/0000025375.html,,,
141305,1.41305E+11,神奈川県川崎市,平いこいの家,タイライコイノイエ,,老人いこいの家（いこいの家）,141364,,"神奈川県川崎市宮前区平2-13-1",神奈川県,川崎市,宮前区平,,,35.601859,139.574851,,,(044)865-1033,,,,,,216-0022,,社会福祉法人 川崎市社会福祉協議会,,午前9時～午後4時,休館日:日曜日、国民の祝日・休日（敬老の日は除く）及び年末年始,,https://www.city.kawasaki.jp/350/page/0000025313.html,,,
141305,1.41305E+11,神奈川県川崎市,南菅いこいの家,ミナミスゲイコイノイエ,,老人いこいの家（いこいの家）,141356,,"神奈川県川崎市多摩区菅馬場3-26-1",神奈川県,川崎市,多摩区菅馬場,,,35.622981,139.533264,,,(044)944‐7790,,,,,,214-0004,,社会福祉法人 川崎市社会福祉協議会,,午前9時～午後4時,休館日:日曜日、国民の祝日・休日（敬老の日は除く）及び年末年始,,https://www.city.kawasaki.jp/350/page/0000025552.html,,,
141305,1.41305E+11,神奈川県川崎市,中野島いこいの家,ナカノシマイコイノイエ,,老人いこいの家（いこいの家）,141356,,"神奈川県川崎市多摩区中野島6-26-7",神奈川県,川崎市,多摩区中野島,,,35.630574,139.551793,,,(044)900‐4265,,,,,,214-0012,,社会福祉法人 川崎市社会福祉協議会,,午前9時～午後4時,休館日:日曜日、国民の祝日・休日（敬老の日は除く）及び年末年始,,https://www.city.kawasaki.jp/350/page/0000025557.html,,,
141305,1.41305E+11,神奈川県川崎市,枡形いこいの家,マスガタイコイノイエ,,老人いこいの家（いこいの家）,141356,,"神奈川県川崎市多摩区枡形6-3-1",神奈川県,川崎市,多摩区枡形,,,35.614101,139.560962,,,(044)932‐1127,,,,,,214-0032,,社会福祉法人 川崎市社会福祉協議会,,午前9時～午後4時,休館日:日曜日、国民の祝日・休日（敬老の日は除く）及び年末年始,,https://www.city.kawasaki.jp/350/page/0000025593.html,,,
141305,1.41305E+11,神奈川県川崎市,長尾いこいの家,ナガオイコイノイエ,,老人いこいの家（いこいの家）,141356,,"神奈川県川崎市多摩区長尾1-12-7",神奈川県,川崎市,多摩区長尾,,,35.611583,139.57462,,,(044)932‐1133,,,,,,214-0023,,社会福祉法人 川崎市社会福祉協議会,,午前9時～午後4時,休館日:日曜日、国民の祝日・休日（敬老の日は除く）及び年末年始,,https://www.city.kawasaki.jp/350/page/0000025602.html,,,
141305,1.41305E+11,神奈川県川崎市,錦ヶ丘いこいの家,ニシキガオカイコイノイエ,,老人いこいの家（いこいの家）,141356,,"神奈川県川崎市多摩区栗谷3-28-2",神奈川県,川崎市,多摩区栗谷,,,35.613,139.535521,,,(044)951‐0535,,,,,,214-0039,,社会福祉法人 川崎市社会福祉協議会,,午前9時～午後4時,休館日:日曜日、国民の祝日・休日（敬老の日は除く）及び年末年始,,https://www.city.kawasaki.jp/350/page/0000025607.html,,,
141305,1.41305E+11,神奈川県川崎市,菅いこいの家,スゲイコイノイエ,,老人いこいの家（いこいの家）,141356,,"神奈川県川崎市多摩区菅北浦3-11-1",神奈川県,川崎市,多摩区菅北浦,,,35.631199,139.531485,,,(044)944‐2940,,,,,,214-0008,,社会福祉法人 川崎市社会福祉協議会,,午前9時～午後4時,休館日:日曜日、国民の祝日・休日（敬老の日は除く）及び年末年始,,https://www.city.kawasaki.jp/350/page/0000025614.html,,,
141305,1.41305E+11,神奈川県川崎市,登戸いこいの家,ノボリトイコイノイエ,,老人いこいの家（いこいの家）,141356,,神奈川県川崎市多摩区登戸新町237,神奈川県,川崎市,多摩区登戸新町,,,35.623801,139.563487,,,(044)933‐2181,,,,,,214-0013,,社会福祉法人 川崎市社会福祉協議会,,午前9時～午後4時,休館日:日曜日、国民の祝日・休日（敬老の日は除く）及び年末年始,,https://www.city.kawasaki.jp/350/page/0000025619.html,,,
141305,1.41305E+11,神奈川県川崎市,岡上いこいの家,オカガミイコイノイエ,,老人いこいの家（いこいの家）,141372,,神奈川県川崎市麻生区岡上3-13-1,神奈川県,川崎市,麻生区岡上,,,35.581153,139.483496,,,(044)986‐0184,,,,,,215-0027,,社会福祉法人 川崎市社会福祉協議会,,午前9時～午後4時,休館日:日曜日、国民の祝日・休日（敬老の日は除く）及び年末年始,,https://www.city.kawasaki.jp/350/page/0000025689.html,,,
141305,1.41305E+11,神奈川県川崎市,麻生いこいの家,アサオイコイノイエ,,老人いこいの家（いこいの家）,141372,,"神奈川県川崎市麻生区上麻生4-32-2",神奈川県,川崎市,麻生区上麻生,,,35.59497,139.5038,,,(044)953‐9870,,,,,,215-0021,,社会福祉法人 川崎市社会福祉協議会,,午前9時～午後4時,休館日:日曜日、国民の祝日・休日（敬老の日は除く）及び年末年始,,https://www.city.kawasaki.jp/350/page/0000025691.html,,,
141305,1.41305E+11,神奈川県川崎市,千代ヶ丘いこいの家,チヨガオカイコイノイエ,,老人いこいの家（いこいの家）,141372,,"神奈川県川崎市麻生区千代ヶ丘6-3-22",神奈川県,川崎市,麻生区千代ヶ丘,,,35.615489,139.510477,,,(044)955‐0412,,,,,,215-0005,,社会福祉法人 川崎市社会福祉協議会,,午前9時～午後4時,休館日:日曜日、国民の祝日・休日（敬老の日は除く）及び年末年始,,https://www.city.kawasaki.jp/350/page/0000025733.html,,,
141305,1.41305E+11,神奈川県川崎市,王禅寺いこいの家,オウゼンジイコイノイエ,,老人いこいの家（いこいの家）,141372,,"神奈川県川崎市麻生区王禅寺東5-32-15",神奈川県,川崎市,麻生区王禅寺東,,,35.581557,139.512605,,,(044)989‐0401,,,,,,215-0013,,社会福祉法人 川崎市社会福祉協議会,,午前9時～午後4時,休館日:日曜日、国民の祝日・休日（敬老の日は除く）及び年末年始,,https://www.city.kawasaki.jp/350/page/0000025760.html,,,
141305,1.41305E+11,神奈川県川崎市,片平いこいの家,カタヒライコイノイエ,,老人いこいの家（いこいの家）,141372,,"神奈川県川崎市麻生区片平5-25-1",神奈川県,川崎市,麻生区片平,,,35.597643,139.491714,,,(044)987‐3878,,,,,,215-0023,,社会福祉法人 川崎市社会福祉協議会,,午前9時～午後4時,休館日:日曜日、国民の祝日・休日（敬老の日は除く）及び年末年始,,https://www.city.kawasaki.jp/350/page/0000025785.html,,,
141305,1.41305E+11,神奈川県川崎市,白山いこいの家,ハクサンイコイノイエ,,老人いこいの家（いこいの家）,141372,,"神奈川県川崎市麻生区白山4-2-2",神奈川県,川崎市,麻生区白山,,,35.590581,139.509985,,,(044)988‐8767,,,,,,215-0014,,社会福祉法人 川崎市社会福祉協議会,,午前9時～午後4時,休館日:日曜日、国民の祝日・休日（敬老の日は除く）及び年末年始,,https://www.city.kawasaki.jp/350/page/0000025709.html,,,
141305,1.41305E+11,神奈川県川崎市,百合丘いこいの家,ユリガオカイコイノイエ,,老人いこいの家（いこいの家）,141372,,"神奈川県川崎市麻生区百合丘2-8-2",神奈川県,川崎市,麻生区百合丘,,,35.602824,139.515562,,,(044)966‐2631,,,,,,215-0011,,社会福祉法人 川崎市社会福祉協議会,,午前9時～午後4時,休館日:日曜日、国民の祝日・休日（敬老の日は除く）及び年末年始,,https://www.city.kawasaki.jp/350/page/0000025644.html,,,
141305,1.41305E+11,神奈川県川崎市,すえなが　軽費老人ホーム（ケアハウス）,スエナガ,,軽費老人ホーム（ケアハウス）,141348,,神奈川県川崎市高津区末長1-3-13,神奈川県,川崎市,高津区末長,,,35.595289,139.60885,,,(044)861-5321,,(044)861-6195,,,,"213-0013",,社会福祉法人　セイワ,,,,50,https://www.city.kawasaki.jp/350/page/0000025273.html,,,
141305,1.41305E+11,神奈川県川崎市,青田風,アオタカゼ,,軽費老人ホーム（ケアハウス）,141364,,神奈川県川崎市宮前区野川3134-5,神奈川県,川崎市,宮前区野川,,,35.574951,139.60418,,,(044)754-1751,,(044)754-1761,,,,"216-0001　",,社会福祉法人　寿楽園,,,,100,https://www.city.kawasaki.jp/350/page/0000022450.html,,,
141305,1.41305E+11,神奈川県川崎市,風知草,カゼチグサ,,軽費老人ホーム（ケアハウス）,141364,,神奈川県川崎市宮前区野川3134-5,神奈川県,川崎市,宮前区野川,,,35.574951,139.60418,,,(044)754-1751,,(044)754-1761,,,,"216-0001",,社会福祉法人　寿楽園,,,,114,https://www.city.kawasaki.jp/350/page/0000022459.html,,,
141305,1.41305E+11,神奈川県川崎市,恵楽園,ケイラクエン,,養護老人ホーム,141348,,神奈川県川崎市高津区下作延2-26-12-26-1,神奈川県,川崎市,高津区下作延,,,35.597351,139.60543,,,(044)866-225,,(044)865-4009,,,,213-0033,,川崎市,,,,140,https://www.city.kawasaki.jp/350/page/0000022423.html,,,
141305,1.41305E+11,神奈川県川崎市,すえなが,スエナガ,,養護老人ホーム,141348,,神奈川県川崎市高津区末長1-3-13,神奈川県,川崎市,高津区末長,,,35.594867,139.60909,,,(044)861-531,,(044)861-6194,,,,213-0013,,社会福祉法人　セイワ,,,,50,https://www.city.kawasaki.jp/350/page/0000022410.html,,,
